x1,x2,x3,x4,x5,x6,y
0.2780072590653579,0.4129001404730547,-1.0,-0.9094636701454969,0.9373342525643311,0.7853951729472975,3.7544089058321166
-0.9436998227971007,-1.0,-1.0,-1.0,-0.4705760763723137,-1.0,3.297169098386874
0.05490833982063534,-0.44963078015875013,-0.014602556161695035,1.0,0.9012492769375529,-0.5710566637062837,0.35715992879104225
0.038310201468763516,1.0,0.10643351914133148,0.878031538437239,0.9944703325318212,-0.1641742866201061,-0.027371621257526013
-1.0,-1.0,-0.26186446041140865,-0.9868838686716785,1.0,-0.6543002500965858,4.956652991448486
0.6834675405113735,0.8764543771326301,0.8452772960409751,1.0,-0.01084252738372521,0.10512207460700213,-2.529947494150451
0.9540131315094564,-0.004007478310188217,-1.0,-0.113985029277541,0.040870982465318006,-0.22321997741744393,0.7360732956557221
-1.0,-0.5084356127407759,-1.0,-0.7425957251687331,-1.0,1.0,5.586145743037211
-0.6168209764730654,-1.0,-0.5961217671439775,-0.3579060125256923,-1.0,-0.3449669179546894,-1.4519489223185138
-0.3878847319710046,0.17327915570940078,0.4335331853549361,0.09732052995867542,0.1903822698183028,0.7029689458527626,0.9020234995316299
0.13898914067960133,-0.18677226371041095,-1.0,-0.6399916618118376,0.11790534950935702,1.0,5.276802734380107
-1.0,0.39152093740488714,-0.24914102062285615,-0.9493677927719111,1.0,0.3660397785306013,4.753181925774687
1.0,1.0,1.0,0.49305964479722786,-0.4214707020679842,0.20367624652447713,0.035098123818075866
-0.7613415200358808,-1.0,-1.0,-1.0,-0.9251372179041373,-1.0,4.976392468356407
-1.0,-1.0,-0.6059611458028121,-1.0,-1.0,-0.8123217808955998,3.2011246432112452
-0.06271695810763078,-0.669878983362193,-1.0,-1.0,-1.0,-0.32316666797645477,1.8224799472926465
0.20250232453485606,-1.0,1.0,-0.1411626322352107,-0.6833421883115447,-0.927972242832005,6.054485604852856
0.7285399441671789,-0.329377314201281,1.0,0.2883429703770642,0.5445895686087612,0.7694817160384255,-3.384260204950392
-1.0,-0.7360220543044742,-0.8815231565177324,0.7276644481012058,0.9499033159101214,0.7203777308082131,1.4739967993577145
-1.0,-0.5677433289827445,1.0,-1.0,0.8177167012691717,1.0,-3.736402207623114
0.36799070716711674,-0.08542723390445006,-1.0,-0.03606909583625517,1.0,0.37291630024366995,-0.7131783717143672
-1.0,0.0038696513555346312,-0.15486168452624205,-1.0,-0.2744534279356132,-1.0,2.0596888022393935
0.9516541202101995,1.0,0.8216742854753043,0.5680602900276294,1.0,1.0,-4.691823975814768
-0.7841416968318278,-1.0,-1.0,-0.23357386789361412,0.39705421572132915,-1.0,3.2487793399405884
-0.03728612913794671,-1.0,0.0974781923995981,0.024974673129766534,0.2614906334919035,0.3309790992823186,0.7171584840243059
-0.9580785073528502,-0.896928801604625,-0.7129410329289723,-1.0,1.0,1.0,0.5869965022720428
0.816584803834236,0.9507770591732654,0.5694370629257626,-0.22162392360543673,1.0,0.30626013844506583,-2.311949851871342
-0.38054293975164566,-0.7923722438938711,0.7502425854611915,1.0,0.060137776904486295,-0.6761636725261451,1.2590667994696585
-0.7204154344079097,0.5611621961883767,-0.9558956235357109,-1.0,-0.3840036535173319,0.5343345675049516,2.828294235276913
-0.6884758936989603,-0.7861056796930922,-1.0,-0.5880151053945757,-0.9264339730651177,0.13037336831486612,-2.761598001133221
-0.6754734161115428,1.0,1.0,0.47985628901222244,-0.050964145176653375,0.6632521506481678,-3.9815616514018535
1.0,0.7988258724370614,-0.37435226920523124,1.0,-0.13431703525945282,0.10448115407683412,1.3003382892335424
-1.0,-0.25963194259021927,-0.8641495237005308,0.40876520459795385,-0.24538472500296327,-0.4550611148823196,-0.531139294957652
0.1323941616468287,1.0,-0.04768180321676274,-0.07529095754403078,0.3787206628152433,-1.0,2.114237083682154
0.2832511653788311,0.3357586786818756,0.1990607119286391,0.2800713489469484,-1.0,0.7866906275960139,3.0023034897670193
1.0,1.0,1.0,0.8900038335022511,0.8500920725997494,-0.9951549335168886,-5.126205773335547
0.15062969217883998,0.43269348692201726,1.0,-0.3286745652329899,0.7686215204190789,-0.00981632697753057,-0.1705575527827231
-1.0,-1.0,-0.7943485902337122,-1.0,-0.7012926609586292,-1.0,4.112403698553611
-0.5932114713167708,0.28877343960946084,-0.46033666438066634,0.09097590228171126,0.37633896540687956,0.3234150026223047,1.2991304275567577
-0.397015215666021,-1.0,0.10164734120802499,-0.6923158866258675,-0.5598225307384883,-0.7743080947777976,4.178245120110443
0.7053844047165689,-0.3931223707147153,-0.534009553055091,0.4239745020045482,0.3524421905394637,0.7664015638621466,0.7085053800767765
-0.3183882528844184,0.7113316524389666,1.0,0.1276377261668551,0.6217996262127395,-0.09222757664050651,-0.09870555936654701
0.35074641737156775,1.0,-0.36402053941433876,0.7910837071053052,-0.4774746213379929,-0.536827012565568,2.9245687101952775
-0.6383596459107856,-1.0,0.16856747649976533,-1.0,-0.9180700943129576,-0.49356562121561387,5.429935139037327
0.2484401178641189,1.0,1.0,1.0,-0.425999802477831,1.0,-4.713729875020174
-0.6347513552811114,0.26612443231470634,0.42214586113449315,-1.0,-0.6505009952765355,-0.5090698466027517,-0.30492572048839595
-1.0,-0.4568486596334198,-0.3568823421117887,-0.6371864157801475,-0.015108952851365043,1.0,-0.17139328621133576
-1.0,-1.0,-1.0,-1.0,-0.2991699115032662,0.9633608762885365,-2.979645270795565
0.6569468143662887,0.4055226439190507,1.0,0.344858680616442,-0.3531252966781293,-0.5821801482056348,2.6738912175819287
-0.8212493733911028,-0.8099230123782735,-0.42238007250884335,-1.0,-0.8648424713144524,1.0,3.0585569929712797
-0.6555132442033539,-0.752468687725693,-0.0651993319409073,-0.06975669725218292,-1.0,-0.20244635691205026,-0.45555774577567054
-0.46790769760190865,-0.3633360554424352,-0.28014397063290386,-0.8649062191512522,-0.23857228295890498,-0.9851871379563852,3.2854380046897087
-0.036779555291911015,0.38702848864208317,0.35619898184998394,-1.0,1.0,1.0,5.745012318956535
1.0,1.0,-0.09434826353847425,0.027957761669740067,0.5608846824827853,0.07995660515776504,-0.6368747414831831
0.9578077387242203,1.0,0.31817247567029683,0.9516248055316332,1.0,1.0,-0.8592048040961833
-1.0,-0.9934514049818197,-0.9702991563017355,-1.0,1.0,-0.8026956511134312,-1.1455137286788788
1.0,1.0,1.0,0.23995036166952521,0.19245522540363436,1.0,-4.350848874150264
-0.09756652610203631,-0.3441263546675467,-0.08900667392463313,0.25243183285637233,-1.0,-0.5795083832625656,0.6900989177079695
-0.856653789950126,0.024852851729561726,0.696180482619096,-0.4631580734446885,1.0,1.0,1.4667187254943945
0.34639704233043833,-0.733071480050371,-1.0,0.9903582998386865,0.2618520521722524,0.2686887429307978,-1.6505119130885721
-0.8630661783816785,1.0,0.13566512978976847,-1.0,-0.15595204287634862,1.0,1.8839870141211148
1.0,1.0,1.0,1.0,-0.16759109020170904,-1.0,3.2084013955496595
1.0,1.0,0.6446957162273325,0.6672659636576059,-1.0,-0.9765073277899403,7.513029250199892
-0.24690131861616288,-0.2360683606914687,-0.0906709749801072,-0.3219445198377251,-0.7286668002847037,-1.0,2.3864312518103556
-1.0,-1.0,-1.0,0.010699099188184569,-0.47601103659526145,0.6660254842232655,-2.46092916015097
0.41420425947697065,0.9443658344015917,1.0,-0.1913382376726466,-0.4271818799438585,-0.7556370304054398,-1.0635354614427293
-0.6446113256340478,-0.640568856206366,0.2976486543816572,0.8621344625020959,0.12443396956659925,0.8363969668051922,0.575927158164274
0.30099532537634865,0.6558493975469106,1.0,0.3898728014976516,-1.0,-0.45269601578606716,1.2446379913566694
0.11578710598756786,-0.06329122830226985,-1.0,-1.0,1.0,1.0,6.571390474456848
-0.5016748274157556,0.20207908739477642,-1.0,-0.18748494814689742,-0.9583725459205571,-1.0,-0.6086976442411666
1.0,0.6222647239147742,1.0,0.0914006403631954,1.0,0.0925401768863664,-3.551534835054223
0.585033401268367,-0.6203541144635398,-0.5642447937694701,-1.0,-0.16815661380938068,1.0,2.1972972213166706
-1.0,-0.05450963379903073,-1.0,-1.0,1.0,0.43702797029143414,0.4682742958671867
1.0,0.02425888776510099,0.2759512580819228,-0.3809932240635904,-0.3366340554971887,0.26515524247743094,0.6006386827545767
-0.8146096841593231,0.06771571803614498,1.0,-0.19404081556679298,-1.0,0.26417765130249415,-4.429036895081099
-0.3103545870440013,-0.003490052577700631,-0.14256363611154532,-1.0,-0.36451249260773916,0.4142448825036516,0.7983108046406044
0.8594006944222076,1.0,0.7488131774114943,-0.371788604261039,-1.0,0.5830734092102411,2.1600186471009817
0.7486332713567261,0.9970682785753715,0.183084407106615,0.5614594657691923,-1.0,0.03776578208327251,1.857293908998959
-0.6431878970155147,-1.0,0.028852214614437377,-0.37449020423231383,0.2000269095586802,0.4810956287523318,-0.12896795298938557
-1.0,-0.9251294791407587,-0.5094838162994617,-0.5240033267386353,0.3921799685082141,0.24428247436551814,-1.6126333327820548
0.7285517655743929,0.848870699014858,0.7157357508712932,0.47611322100624154,-1.0,-1.0,4.858438155689279
-1.0,-0.7044271661160302,-0.630520168462597,-1.0,0.7059550308917275,1.0,1.0311885736681816
0.8400350532131224,0.4616949243307613,0.29237480526805243,1.0,0.6526082804757709,0.36307045105824254,-1.0674086100239704
0.3403955466282531,0.3219376527976434,0.02927725338583831,1.0,-0.6949827631658694,-0.4552583251673801,1.4500919434090573
-1.0,-1.0,-1.0,-0.49565084917173063,1.0,1.0,2.0714855162992074
-0.17328423318966457,-0.43519793588689737,0.15614516508858323,0.09097959582176826,0.0781310773981383,0.334451230230991,-0.19805397992113125
1.0,1.0,1.0,1.0,0.5519056752938551,0.9809698319549809,-7.985959267205924
-1.0,-1.0,-1.0,-1.0,-0.6640524839071776,1.0,0.11576496010983009
-1.0,-0.14816984999511718,-0.6300603221374481,-1.0,-0.7473136097547183,-0.7457605581133749,1.2312163756132364
0.3118912301055332,0.3117353283422497,1.0,0.8263314346007109,0.5099601261867039,0.8644999747647863,-2.8591855183450554
-0.8587310239149228,-0.7590571688327143,-1.0,-0.13341406022470442,1.0,0.3831431495844603,-2.3260206916229955
-0.2298712496951527,-0.12323307979969944,-0.9137599181587386,-0.9780699027454511,0.4844906159696911,0.34212725680378164,0.8416038791805527
-0.44080279109788423,-0.8457654542023487,-0.811133536082268,1.0,-1.0,-1.0,-0.35349372725899353
-0.9172117369016961,-0.8358744507203839,-0.5070898467168723,0.06135274372824712,0.892493316322766,1.0,4.980130371374827
-0.3066186748195553,0.8145332274696054,0.7846128450012131,-0.08079741256406842,0.8144849109371317,0.529388948199113,-0.0689779203007459
-0.5632315724688959,-0.14096699996842776,-0.8965932496296461,-0.012188555371952292,-0.15422881443585568,0.21833732439958742,0.46715153774793716
-1.0,-0.018120353440756243,0.03182675485101029,-0.177299853485144,-0.717375965340304,0.7720010543384228,-2.636438066547613
-0.9046559424498182,-0.6116878197361164,1.0,-0.37088381251715863,0.021622678997376577,1.0,-3.048564191272915
-0.5508214086762175,-1.0,-1.0,-0.7817081337767593,-0.13853158613939354,-0.1860656927008469,-3.544208022381151
-0.3899357399577408,0.04454629450655112,0.6661526829036024,-0.6774789663654406,1.0,0.6902442370869459,1.0600013364138845
-0.15664852714694832,-0.9915005705375823,-1.0,0.36657988626444055,-1.0,0.48453081818873095,-2.0618925041244163
-1.0,-1.0,0.14459815739410475,-0.3154272426336657,-1.0,-0.7254575435604509,1.0836872762879026
-1.0,-1.0,1.0,0.3677109945074602,-0.6620748613266276,-0.3285282729596914,1.734557787915383
-0.4333054864680198,1.0,0.3001074200653319,0.3003801149425758,0.3162827086993285,0.9713484808851163,1.9150667648122082
1.0,-0.031154197734897346,-0.03223731880156555,0.07937503397632611,0.4735888252059828,-0.6219801781940227,-0.26347099312887634
1.0,1.0,1.0,0.3204398504839807,-0.7824376634414119,0.6506931748652851,-0.7969468026405659
-0.5511204938610339,0.5106226899305375,-1.0,0.4988859154366823,-1.0,-1.0,2.0112439792038614
1.0,1.0,-0.8414768858197346,1.0,0.19601337563634347,0.14920577939005408,0.8118845552434834
1.0,0.9279170010997657,1.0,0.14287504682887192,-1.0,-0.38306119637436753,2.0260653419698818
0.5042849210661305,0.3001053962900968,1.0,1.0,0.3589441381638422,-0.360282247626053,-1.889848095477107
0.02334639146834902,0.9900551744368113,0.44305551319950964,0.9012902265110038,-0.9200937544199138,-1.0,4.2037833772058875
1.0,0.4816104102068939,-0.2505947572873658,1.0,-0.1746058580770394,-0.6969730589539552,2.7679288687347605
-0.23564774960021995,-1.0,-0.029245509607630005,0.3369025651582149,-1.0,-0.129495854835608,0.34542509122629805
-0.9908653571093112,-0.6957230195618755,-1.0,-0.7719921983975218,0.4404366139844438,1.0,3.2627627176226013
-1.0,-1.0,-1.0,0.34207748288531975,-1.0,-1.0,-2.3057249567236617
1.0,1.0,-0.7512985541515771,0.2845953487031011,-0.09129988523477328,0.561209182966981,3.5593744469530195
1.0,-0.09251416300232618,1.0,0.30346800251447026,0.27383178320904733,0.6446786766349091,-3.181248970076232
-0.14229984228720705,-0.17336759294915313,1.0,-0.663888681159565,-1.0,-0.2690134521641918,-0.940704092419602
1.0,0.5613871405823117,0.49617258025564953,0.8221045670777802,-0.8524679764657729,-0.39969251481994006,3.6248708567774672
1.0,0.8976416841293995,0.1284973465139656,1.0,-0.6447565912085782,-0.11354572891131265,3.405429855658254
1.0,0.21456309848128363,-0.1065835632411466,-1.0,-0.46652992595696957,-1.0,6.0124115916483465
-0.5424459930849819,0.8720554200668469,-0.032101570518040745,0.15040427086767139,-1.0,0.41715445627049974,-1.1478692776696349
-1.0,-0.516081582854766,-0.7660334676059362,-0.2302144417398626,-0.8937926081897107,-0.3689948272177131,-2.0115448158827767
-0.6381469165337987,-1.0,-0.6168012394077217,0.09884302248976429,-0.6524455571479046,-1.0,-0.05470861416158035
0.44090604369866654,0.44398802904015133,-1.0,0.2592097172506267,-0.2357988118856279,-0.039731241365648484,0.3131118293574434
-0.32816090130006165,-1.0,0.3585349155257131,-1.0,-0.431659144181721,-0.9867907553211841,7.310428205259482
-1.0,0.18255265837870716,-0.4812756517216812,-1.0,1.0,1.0,8.581835869552052
-0.010967303956369578,-0.47986508309312503,-0.6288152764463208,-0.3873597928388739,1.0,-0.41670915625543525,-0.5310198591633
0.3552745283568813,1.0,-1.0,1.0,-0.4355238512467525,0.7888062697893438,6.659232247074906
0.8689942953485355,1.0,0.017649520131463925,1.0,0.5647821685173268,-0.6097491303326853,0.6568986864791947
0.5654812177881156,1.0,1.0,0.2829217951179288,-1.0,0.8921465759231594,-0.7075571590538653
-0.7534395843101791,-0.37407343740766896,-0.23066459919635868,-0.45479280391204147,-0.23865856899803273,-0.3377817977890416,0.8280079425642899
-0.7128479473253433,-0.23914167434891054,0.10911519962216676,-0.7795241837427445,-1.0,0.07389387334552533,-0.904828094704699
0.10638278639296753,-0.13111023745320455,0.7491794199540383,-0.7942689392949114,-0.5556945586453768,-0.8362588185490734,1.5679766858135693
0.8599470499970813,1.0,0.16932508208334285,0.3551861221014479,0.8102471443198719,-0.039030018341616124,-2.158682725526117
0.6095646659885731,0.5416642772112046,0.7434383612547999,-0.5514865322452089,-0.4791392590103576,-0.44833610339527574,0.9185481303163064
0.3223147369806875,-1.0,0.4568864328763681,0.03347180666729328,1.0,0.7471163612393887,-0.05808883806352827
-1.0,-0.21774323816131047,-0.1741393798560027,-1.0,1.0,1.0,6.815725275539599
0.08751029269697919,-0.046474520532666874,-0.2540163900176922,1.0,-0.45551372848056965,-0.6694934031336567,1.1604933262299908
1.0,1.0,1.0,-0.06947288939084256,-0.5110216171582289,-0.8214280462451026,0.8225625944151546
-0.5944745796255189,-1.0,0.29344856624580573,0.5215660829563962,1.0,1.0,5.263281256891673
0.01838921426535048,1.0,1.0,-0.11660480512625615,0.2565324062840457,-1.0,-1.8929059595660203
-0.4228546198990911,1.0,0.5173423308368825,0.25253474966208145,-1.0,0.7104900148425837,-2.4252397463121156
-0.07766420145313391,-1.0,-1.0,-0.3256167103186831,-0.8935823993635474,-0.1507549657705054,-1.8534996957562055
1.0,0.5668343702796206,-0.3160840143785386,-0.683865170471254,-0.22184532676380553,0.935948084695857,4.69281030946061
-0.21180950350665673,-1.0,-0.2639950075373504,-1.0,-1.0,-1.0,7.837745491815515
0.131308637925184,0.5309083649112973,1.0,0.024188872988680776,0.24777387990256466,0.9697621961820904,-0.7595057265020958
0.014546638154804626,-0.3492520179407469,-0.20377040886959885,0.32053987704666626,-0.39202562201188595,-0.46561760958852816,0.32829220608740844
0.6954609382872641,0.8399048103631648,0.46876481343683435,1.0,0.7379400267962815,1.0,-1.0969508411161621
-0.6916125499717072,0.10567134543932521,-0.7256633449482635,0.1372875680463307,-0.3354498597771268,-1.0,2.8253925535773585
1.0,-0.163015926684547,0.9405537267271342,0.6530753466566364,-0.16100629528122068,1.0,-1.2682517988531006
-0.5187119283065043,1.0,0.4480539010282001,0.7640795562892707,0.6260982991791717,0.21050160436652005,-2.4353530661924876
0.24259071134477772,1.0,-0.30611151387737173,0.9509219264170605,-1.0,-0.0906049874915611,3.5179658393006883
-1.0,-1.0,-0.3903787982427156,-1.0,-0.2892858714281936,-1.0,4.022536971507033
-0.7623391689807401,-1.0,-1.0,-0.07630618240330012,1.0,-0.5212487829244468,-1.935989652039897
-0.958430079189505,-0.8878103953911132,-1.0,-0.6783073850385339,-0.27093700140668253,-0.24984649310577134,-3.5448872277313654
-1.0,-1.0,-0.40554132729590386,-0.3979498390227818,1.0,0.09124269622190945,0.3763411277250563
0.9367303535721183,1.0,0.674273715213934,0.8999271958371249,-1.0,-0.1646022264717063,3.7775153845070575
-0.8827390358579139,0.7417948150483388,-0.7511977269967307,-0.20622719058051522,-0.8974397237774807,-0.6333204609083262,-1.2759728578573502
-0.18693768797305904,1.0,1.0,0.9331561094641261,-0.12523554297678896,0.9746852529171696,-5.8772660428644095
-0.5228163123832623,-0.6358053640404709,0.3480887316439819,-0.2145607685230987,0.076810727095185,0.18565334841384962,-0.24694524669564208
0.46157758923361913,1.0,1.0,0.7162097426688327,-0.6552061003195756,-0.09908976052915885,-1.3509046600405115
0.27079815989953204,0.07859263916564962,-1.0,0.042810499149245396,-1.0,-0.8960735424431683,0.9565264693547996
-1.0,-0.9145248432482664,-0.202698217033914,-1.0,1.0,-0.22478989925071666,3.0049253197856656
-0.9966257694387655,0.25085567110626006,1.0,-0.22573932565659416,0.010628770054559922,0.48996494776927757,-2.093967673579042
-1.0,-0.5044054099618951,-0.9352689999975026,-1.0,0.6297243678647746,0.33764490055404145,-2.01034579918084
-1.0,-1.0,-1.0,-1.0,-0.30221028643492165,1.0,-1.0340996860627252
1.0,1.0,0.5484567593651646,1.0,-0.1816664417638656,-0.7659623970767198,4.567059586969268
-1.0,-0.19274480426532947,-0.5392977858647303,-0.5874428044652173,0.4119267400227436,-1.0,4.816387032891159
0.39088969991372224,-0.6136894960010737,-0.2521760355716717,1.0,1.0,0.7513289002745134,0.7383235985545862
-0.09037274058007472,-1.0,-0.37005061687592833,-0.042200871027067155,0.8546269950299432,0.31675573276415264,-0.3734934031254936
-0.5765212833875585,-0.6723488763068421,-1.0,-0.15922251718052394,0.9159518404040843,0.3361897042598726,-0.7989935079519436
-0.12939025319776148,-0.8351946156807379,0.2958146380977973,-1.0,1.0,0.9897047982476285,1.1521994511713236
-1.0,-1.0,-1.0,-1.0,-0.9772368822587516,0.1555366661643532,-2.296492410214213
-0.7876686480581756,-1.0,-1.0,-0.431741555881902,0.1699940097729129,-0.15019432145354883,-4.052856876922562
-0.8461760814009989,-0.8586792691360168,0.3894436957834953,0.050464670632296316,-0.06658815518145411,-1.0,5.434002331904448
0.6766308259382943,-0.5139116660941929,1.0,1.0,-1.0,-0.33444077665415284,3.2848805982078555
-0.6751371848265688,1.0,-0.6862176699262663,0.9148321275718285,-0.9346351456603657,-0.15743555344815263,0.4592040591074962
-1.0,0.09241211485369494,-0.864886147316671,-0.5498564140648732,0.6727273390169927,1.0,8.172095176147359
1.0,1.0,0.5771757350612806,-0.1629566059880183,1.0,-0.3783349139846556,-3.1815419841341424
0.7603118452271234,1.0,1.0,0.6626823259681922,0.5615881226457674,1.0,-5.662512265751231
0.21267462494318656,0.9122694566929223,1.0,1.0,-0.11787847349360181,0.20742445864655834,-3.6797943290834896
-1.0,-1.0,-0.6993636111070145,-0.7562614492716757,-0.5933805670138038,-0.4491678166829984,-1.0509244204748525
-0.8736370060717568,0.07778194869418253,0.18046739222057143,-0.22464811692912645,-0.547991356754768,-0.9575966317821645,0.34103877460856097
0.6078525995726384,0.06681406975318632,1.0,0.43032302133647704,-1.0,-1.0,3.990481552804256
1.0,0.7163006925980177,1.0,1.0,0.6122311975564269,-0.5160842309075381,-3.298887199326156
-0.161699040054745,-1.0,-0.3959993322671521,-0.14606092906645207,-1.0,-1.0,2.749398428870843
0.07648696933933313,-0.6500038878431023,-0.001177074863190325,-0.8370787773308472,1.0,1.0,2.299127065074643
0.7890950236045939,1.0,0.36581249515857717,-0.0569948487655173,0.07496129894338299,0.613766160552177,0.7068584824616397
1.0,1.0,0.3145044974281712,0.03157503767546288,-0.6400938122387295,-0.17112477744608517,1.7541640896833464
1.0,0.874613657394978,1.0,-0.6365587061684171,-0.12653581445151463,-0.15524253958721068,-1.3293561750206035
1.0,0.4065249386662153,0.10459583821724316,0.679884700678212,0.22941656759511891,-0.50232625007118,0.9329533789164294
-1.0,-0.41970391760383946,0.700227585212092,-0.015726848653229708,0.6146713200914677,-1.0,5.629472067032981
1.0,1.0,0.2591754532473961,0.6121988460563802,0.22366902517254472,-0.6117556605342183,0.3773651786013543
-0.12875120051808386,0.5787779193888434,0.16015128080029212,0.1491963008854531,1.0,0.059906543594833384,-0.21342362673622817
0.06918545565632456,-0.3311080210119335,1.0,0.20070954546974873,-1.0,0.3253646954311759,-0.8746167570251875
1.0,1.0,0.8840793141351346,1.0,-0.3481494837744641,-0.5643395272565355,1.959208661306266
0.8945505121006311,0.9711615833186271,0.5315714281114637,0.5564065441521868,-0.5856695938073895,-0.7723349364547114,4.765932608926213
1.0,1.0,-0.17090475328932553,0.9719595747059828,0.5437956879441347,0.1553379263873249,-0.9453373330605876
-0.37935483868226993,-1.0,-0.8014258569059267,0.09634949640851478,-1.0,-1.0,0.1720236888006873
1.0,1.0,1.0,0.3325646724361613,-1.0,-1.0,4.487368975176093
0.08399822327626516,0.08754811857644562,1.0,-0.04305088337155105,-0.5081797239983383,-0.7036845415205084,0.6163488734486705
0.7173733519286849,0.34935884971758924,0.3962874249493704,0.8666325170162248,1.0,-1.0,0.357862144973646
-0.46812901771126614,-0.12558292309224922,-0.5834868819118799,0.8134906802087564,-0.2129813758388549,1.0,3.823284667080046
-0.6898937399801046,-0.8935491005173426,-0.26200006912900853,-0.12224584773188196,-0.5105912681169954,-1.0,2.7135706679461675
-1.0,-0.678685153332153,0.7917692647980643,-0.7507671940441685,-0.36213440179910816,-1.0,4.2982935440039265
1.0,-0.529876046038239,0.4468183470479807,-0.1342036130577558,1.0,-0.6032331986162696,-1.0977736644893117
-1.0,-0.8319734119760585,-0.6491935352431464,-0.3161061595811401,-0.41404551004555634,1.0,-0.29895951599551707
1.0,1.0,0.40581880136864784,1.0,0.01858004298754845,1.0,1.5046832703106163
-0.16536058093123363,-0.4435718244041172,-0.4794363646308294,-0.014944699441939019,1.0,1.0,4.473931369777152
0.9935005583112019,-0.6332505069738157,1.0,1.0,0.4543028028657078,0.15358660462721233,-2.2764773300559082
-1.0,0.6434830408403428,-0.9953846017107393,-0.02773986106387516,1.0,-0.13747789629304283,1.229171277580201
1.0,0.4004378702957505,1.0,1.0,0.022221988406870063,-0.9138894304559373,2.1192340249078994
1.0,1.0,0.599251701442411,0.6025137066253052,-0.07734021647607026,-0.7251894686276388,2.8523875602995026
-1.0,-0.9072424063468645,-0.8897711847228047,-0.0677239592758021,-1.0,0.1813353772900762,-5.000738519290402
0.5767904779301849,-0.6122546147299366,-1.0,-1.0,-0.6410043349124721,-0.4737248226640551,2.611905710765142
-0.008720023610415947,1.0,-0.4302916014599334,-0.40514245165584784,-0.6538603637747438,-1.0,0.9722254838842904
-0.5323016822256924,0.08760071579670592,0.762156814297508,-0.6725033736009165,-1.0,-0.7380612808839451,-0.25685116984426426
-0.6447704624257731,0.31458932375376747,1.0,-0.3962919967785215,-1.0,0.20564803495547637,-2.8197136730414525
-0.12770074978951207,-0.017236098146948153,-0.12958608137458952,0.16514397224605626,1.0,-0.35326932212476353,1.0119966363427833
0.0026858538320948533,-0.23273231324598254,-0.5022193820674747,1.0,0.8596186688602664,0.9831845615463781,5.886541142388163
-0.6009237420819514,1.0,0.7314380397027325,-0.0069767453453065675,-0.6172179565837275,-0.10812394414546944,-2.0462080698319887
0.20968224994797052,-0.18179697462021038,0.8350193332925159,0.2566150786793997,-1.0,-0.1667322565537086,0.6622298813867158
-0.9694898778248423,-0.7834162265592577,-0.6748026729166013,0.10149320367760706,-1.0,-0.6993484298771262,-2.513219529577885
0.6143926217964766,1.0,1.0,0.7531701197543171,0.8659730362689985,-0.4758150004638767,-4.595485230337998
0.44100781940337175,0.7048057505214194,1.0,1.0,0.22602055183088132,1.0,-3.7321548726090863
1.0,1.0,0.6049791685667648,0.8264738745804746,0.5604077762421407,0.5075513864405632,-3.1950501095082635
0.6561654561408563,-0.9417980269967394,-1.0,0.3281236803831679,0.21920959427715092,-0.2925163205487238,-1.8413512184675536
-0.2289963959817063,-1.0,-0.38456553837390395,-0.762237452232378,0.3265237530551701,0.822666741410602,-0.8375925386151034
-1.0,-0.7755761082201574,-1.0,-1.0,-0.023162565601986818,-1.0,4.2466044316135205
-0.37643988061769623,-0.7612681000110342,0.992699837690693,-1.0,-0.10102270893616905,-1.0,4.177201739083348
1.0,1.0,-0.6113829718741082,-1.0,-1.0,-1.0,9.848810801300113
0.23064267959480356,-1.0,-1.0,-0.33794926806011033,-1.0,-0.19285584540269263,-0.8818206260859681
-0.057282794902342116,-1.0,-0.8459313887031803,-0.8247670077972148,-0.19532038880225733,0.7454601723459702,-1.6866930621248524
-0.9415919458018052,0.12825835374565708,-1.0,-0.17749671256688848,0.5071724180016608,1.0,9.478718803120499
-0.9169521101986602,-0.22255754523521776,-0.5770396529052246,-0.5290699729800615,0.011450261071982215,0.4100906868688651,0.6468016177518043
-1.0,-1.0,-0.7467622152630604,-1.0,-1.0,0.5216749121010927,-1.2105173262743285
-0.152995690187802,0.5719072423509044,1.0,-1.0,-0.06008875994659513,-0.4331425592657332,-1.9821310768155207
-0.3703912859019902,0.35359818121850284,0.15829614762581024,-0.44251782190145744,-0.04365053399467378,-0.02353827435473299,-0.1843180540107679
-0.023184305569345698,-1.0,0.5567490202897403,-0.9744985048150221,-1.0,0.3513159950284685,5.301529255098546
0.40328735868792265,0.1532063705731117,1.0,0.2210488045251795,1.0,-1.0,-1.9789311502698508
-1.0,-0.607869521191325,-0.37004772159484234,-0.7981488994470104,-1.0,-1.0,1.2921776954923305
0.1693188956759964,-0.3295323528158696,-0.18010371054145607,-1.0,-1.0,0.26418873299247947,2.6594203316907254
-1.0,-0.1595437100370365,-1.0,-0.4060120917468275,0.4752824125302676,0.47646545716168404,0.48120520226931923
-1.0,-0.37661065030683205,-0.13742305205495986,-0.02924899879863535,0.32774593381929445,0.13440455093670056,1.3550744646584527
0.8850695965216002,-0.8960710998167765,0.5298548859320233,0.3781310145220983,-0.5688625951042278,0.5149760711563446,3.502671090422915
0.05901672643636258,0.683177860641281,0.3216829969316879,1.0,0.23844195056800876,0.2311435719025141,-0.5424136916087031
-0.1302332687992045,-1.0,1.0,0.47588335400323106,-1.0,-0.6879975007889523,2.833823394268051
-0.4361884372475864,-0.31287070898203057,0.07799963174752633,-1.0,0.45063745893245977,0.1118051615872575,-0.09213604414034449
-1.0,-0.40879968343692874,-0.3355027592916975,-0.07649321126252939,-0.6716505634353901,-1.0,1.7485070729093963
0.6127427639842584,1.0,0.42674459616031957,0.42190013490157885,0.09061162212269347,0.3774259338027953,-1.0111948030881583
-1.0,-1.0,0.30489305272259193,-0.7222066510693226,-0.04790591884720263,-0.6957794491372913,2.9931852452776537
1.0,0.49863439946883714,0.34925391771285597,1.0,-1.0,0.8788229630230018,6.174179764022658
-0.050837411497258844,1.0,-1.0,-0.7323882578532956,-0.35910274109821827,-0.07184922388673198,2.325555658133445
0.007803855357501943,1.0,1.0,0.5214556620734714,0.06314858546890667,-0.5880896138957684,-2.424335047067408
1.0,0.28137118707625397,0.6350699774590958,-0.08178646612528373,-0.717545812943944,0.4119614998275721,1.9587009025065931
1.0,0.16599806447701893,-0.3488387204761609,1.0,0.7369917231830667,0.3816370391947368,-2.4415600325394022
-1.0,0.10339053819426186,-1.0,-0.8612223670671834,-0.5996208999455118,-0.7229425692644988,0.21293221798550566
1.0,0.31810561930805337,1.0,0.6459737134257142,1.0,1.0,-5.781999201942481
-0.32702223923949014,0.894168024871278,0.8078789055406052,1.0,-0.9858955111250639,-0.3419355843847688,-0.9488669364625961
-0.9433008774170317,0.3189747008405134,0.00830665836162868,-0.605450766306339,0.1230859437479695,-0.8934055750495353,1.6161311681370625
0.3359214786421928,-0.4259746635837544,-0.05880034843446014,-0.4488591795108754,-0.01646766750620121,-0.02534713844200953,1.0815080508085742
-0.2203482235834172,1.0,1.0,1.0,-0.5453513650231094,0.2336675853093336,-3.7542916360893237
-1.0,-1.0,-0.16858035738163557,-0.4598145447580657,1.0,1.0,4.1198239311271765
-0.47655194274702795,-0.3527339166260538,-1.0,-0.6325434396766905,0.06893800647661709,0.8499273547567199,3.8121684171153274
-0.9758516836681022,-0.5577164121730998,-0.35829216267583675,-0.6062906611777898,0.8463550537500075,-0.10596617969761524,1.944282712858518
-0.4818038649940467,-0.885477082661612,-1.0,-1.0,-0.3576877866452956,1.0,2.2809123519907453
-1.0,1.0,0.9148037783326889,-1.0,-0.6714068108923119,0.30138980029201246,-4.197215242735536
0.24772772680695143,-0.9117802172224749,-0.5087011230802563,-0.785650677018105,1.0,0.7250541454173586,-1.063855264134142
-1.0,0.29360622093825994,-1.0,-0.05651567858149903,0.20319709794955007,0.546439519076942,2.6775513422908115
-0.5525946839478879,-1.0,-1.0,-1.0,-0.9156661748583929,-0.8908325954186895,3.504046602935212
0.6798486470304783,0.488793000271601,0.7701905099304692,0.46365591470876855,0.4652549417456313,0.9435782805974784,-0.6010542255168017
0.4734038262002921,-0.012071567536717565,-1.0,-0.7046801158234761,0.7315791045239319,-0.2762026251415507,-2.0364137507139852
0.33791875749588796,0.45548330284070326,0.18368628295375078,1.0,-1.0,0.5901184299776583,0.9390370430452908
-0.4084812000393105,0.7318740611189345,0.25541549576518513,1.0,-0.6452049136127638,-1.0,3.7279561374654384
0.009961653485582422,0.6499706894184782,-0.07684531789568838,-1.0,0.3987037860724224,-1.0,0.665284070081086
-0.012469164839317148,-1.0,-0.8545461953627468,-1.0,-0.6913437012700361,0.27686164098071564,-0.2744556517636718
-1.0,-0.7071169755739759,-1.0,-1.0,0.5342969105777351,1.0,1.7792950305949615
-0.6658001415533488,-0.265682269640515,0.2920496486759916,-1.0,0.6096348281141588,1.0,2.287871497251991
-0.7562116388244562,-0.10375135890298448,-0.10440002273619192,-0.4367613514568322,-0.5188870994721202,0.2104195890632088,-0.2329426240452036
0.5045961567121313,0.11677672425442814,0.426550275013732,0.11680690676233974,-1.0,-1.0,4.643622877260759
0.834780735890612,0.1297809524248199,1.0,1.0,0.6732565067523105,-0.6799967629756255,-2.402971194183035
1.0,0.060302710256729286,0.6244231448038711,0.6575546414802067,-0.09904291765871975,-0.19460258158151555,0.3917910057399598
0.5943706170959049,1.0,0.7474358398365557,0.8094981956135694,-1.0,-0.7171466193106346,4.673851313617071
0.9242571639228334,-0.23060675490203447,-0.13615939266436294,-0.6911081602840501,0.11766945908238147,0.18324681891767414,-1.0553042693216614
-0.4655030880649811,-0.19519500418362395,0.11610420873543878,-1.0,-0.4032268628847073,-0.9567176988068539,2.3445959276762114
0.05835286085156355,1.0,0.66966952489826,0.7180695595956328,-1.0,-1.0,2.0534978299150417
0.0625310161755811,1.0,-0.8027550663414773,0.27202960523631126,-1.0,0.061299132950371704,1.9074496866065858
-0.8241442269992196,-0.6472287458604331,0.3967142871347223,-0.7098010637815251,-1.0,-0.10867396725871026,0.5434248500909066
-1.0,-0.7355472098144111,0.11869386381546482,-0.32090329156766717,-0.45797372953064386,-1.0,2.976068730640208
0.1214548769200931,1.0,1.0,0.19054814361983924,-0.2654464192752003,0.3429310259403172,-3.664410567030516
-0.7492422632596545,-0.24360519670906927,0.8651602965418461,-0.1051046699692697,-0.7235390382665792,-1.0,1.7192575980238258
0.9137934927405018,0.3153248704364675,0.964638521431794,0.46613350761474015,0.4258354092250701,0.3755314323410837,-2.331470855719112
-0.8421614329410547,0.07278442007495722,-0.8743371455234934,-0.31355501823148224,0.4863913611985442,1.0,7.477488190554057
0.2532321021322789,0.6989353341449186,1.0,0.3472976585773064,0.20852499671559444,0.807882610519433,-2.620514628329013
-1.0,-1.0,0.04618277264984183,0.17746600244714794,-0.025403810989136355,-1.0,4.809309640519446
1.0,0.2952989524652898,0.133096303844216,0.15495796224104608,-0.014796654703877032,0.024191458020780265,0.28212535898755664
-0.5798466155189412,0.4911917175876628,-0.10998474447872225,-0.2909053298904452,1.0,-1.0,3.1805123157312654
0.8384821682360839,0.3366596830724822,1.0,1.0,0.31220347593757825,-0.3226686780544448,-0.5000727930082298
1.0,-0.14225696054816028,-0.09060992216432964,-0.009065585510917296,-1.0,-0.16208721625812883,2.8452554699168084
0.6301777591260931,0.24599831218847495,-0.5031138940331388,0.23233201669641218,-0.024365224461724733,-1.0,3.1341472618890336
0.6784565955450492,0.11485078506295487,-0.3180594680124573,0.3717997205650817,-1.0,-0.46542259355201643,2.061067088900945
-1.0,-0.6506072734084534,-1.0,-1.0,1.0,1.0,4.1577141938979505
0.3522768553106823,1.0,1.0,0.41240623973478463,-0.5860997764160985,-0.9180163419012168,0.23165841192288483
1.0,0.2162640993306389,-0.25013620104399537,0.461464176520199,0.22531945179639393,0.6857026428971147,-0.637404028499129
-0.6954762832901743,1.0,-0.5337129824423971,-0.2385025575476502,0.14442689475409992,-0.1474934017408187,1.168479044707866
0.3068857726864245,1.0,-0.5422019494827073,0.4305208865208382,1.0,-0.7109172698244638,0.4886178007083348
0.6217648147786636,1.0,-0.2907329408754922,0.5770648865509662,0.35988497175033296,0.8817915721770053,3.5759440992427636
-0.0943911501108355,-0.3049003884484429,0.39036235098388794,0.15875888943761646,0.05284363775692946,1.0,1.2949418360947456
-0.016543388931414382,-0.2650971332355252,1.0,1.0,0.43723907989907007,0.6402500091920522,-2.4246892924585524
-1.0,0.04680309849938363,-1.0,-0.13639594678039124,-0.37062293442252403,-0.44741876373779244,-0.82542565031544
-1.0,-0.2819552965559632,-0.8027203729690524,1.0,0.6115977746796021,-0.6057235045855882,1.1484104163524385
0.021527907037177163,-0.030250656007088927,0.6902840350532444,-0.9887483663393974,0.175307881602483,-0.686784311280489,0.2763616551467324
0.5832030322699369,1.0,1.0,1.0,1.0,1.0,-8.478184767452865
0.8653043711458499,1.0,1.0,0.6398231745060602,0.2546476160210312,0.37791110560338936,-3.69746766502422
0.2960336228516267,1.0,1.0,0.16110461607167892,-1.0,-0.5938321612925723,-0.6143078290434525
-0.8135442981241485,-0.22852420437055965,0.9087334698880556,0.31824799739051446,-0.022419949615375134,-0.14093407253621948,-0.13191272071136573
-0.05320597115125014,0.9743949102663132,-0.8846344623189625,-0.26782889750791644,0.589618973852617,-0.06569300073552695,2.094817153486133
-0.7174593244474643,-1.0,0.01464858775039024,-0.2860183603351927,-1.0,-1.0,1.8976249333177657
1.0,1.0,0.5162861601887727,0.7118648423335328,1.0,-0.6105656268085365,-2.529684306369145
0.23683112005885987,-0.3231216983656009,-0.07933771148463076,-1.0,-1.0,-0.31608481867646615,4.033142128150948
0.28860583844502175,0.13889413607966505,1.0,0.825282696123588,0.782618264411467,1.0,-2.96095225542338
-1.0,-0.7880946612436315,-0.4393070419795348,-1.0,-0.5595395940129245,1.0,-1.8738921673979374
-0.8006559757881493,-1.0,-1.0,0.07533099854907144,-0.026232705553922098,0.061119394478407085,-4.03997853924775
-1.0,-0.6957351021533369,-0.15176552444719582,-0.12001881948375859,0.7900937710345287,-0.1979827304540875,2.4331800616361288
-0.14015183712274837,0.1790378656429491,-0.39713368107046254,-0.5910594022652615,-0.03224622329837068,-0.8208402947387583,1.1176112551746145
0.6417246177677336,-0.1020018208446658,0.47413668576490736,0.5959842399508795,-0.48873176596180823,-0.2907078773058075,1.269583742839167
-0.43048018281865574,-1.0,-1.0,-0.7910191049158581,0.5736654926911757,-0.7437456077790012,-0.44662986315302833
-1.0,-1.0,-1.0,-1.0,0.5849193768310301,1.0,-1.306456355225217
-1.0,-1.0,-1.0,-0.02029912962590119,0.7584873567295299,1.0,3.3204571703973094
-1.0,-0.5942962703644974,-0.3827898793767306,-0.26729793452586004,0.2378882579046283,-0.5899303654849326,1.5969633433238641
0.980175450487873,0.4745142342144004,1.0,1.0,-0.2685716241263798,0.15609043000755962,0.46707687497013994
0.830633752172848,-0.5136391294590728,0.15898191521163263,1.0,0.8295035719433355,1.0,1.3836484732489387
1.0,0.3014513017850372,-0.4684418516839457,1.0,-1.0,-0.16720594665036703,3.736948489488626
-0.7471165133398385,-0.2619377080837766,-1.0,-1.0,1.0,0.23531601653868806,-0.741419485944947
-0.9034019390410634,-1.0,-1.0,-0.07987120119226687,-0.15505071990061703,1.0,2.405195468288395
1.0,1.0,1.0,1.0,0.7488096353004994,1.0,-9.32786373860448
-0.8458312522120892,1.0,-0.2181314330001416,0.7354626051890347,-0.5261796128586015,0.9630390423272174,0.15389070644346342
1.0,1.0,-0.23190041508280518,0.2926346490011882,0.4953928191415228,-0.37186258189306576,-0.5045748037726551
1.0,0.07491501136769418,1.0,1.0,0.9179903025877434,0.259904107883274,-5.864141673466495
-0.467499410147753,0.7982334725953308,-0.8954226896777975,1.0,1.0,0.8438570949641212,5.498372350718916
-0.16845408903314152,1.0,-0.553350348701694,0.3918446842596241,-0.6263654168776798,0.11188689366923865,2.0071117017699285
-0.8010802777680461,0.6966106713527962,0.4987819632431987,0.4748531367745987,-1.0,-1.0,-0.9624605898749818
-1.0,0.49643478839669186,-0.2994908800175533,-0.49460132845543775,1.0,0.5018932096786304,4.852538364804733
-0.7435117339633981,-0.3680541021537054,0.10777486379342971,0.37470637994263445,1.0,1.0,5.075835888243377
-0.9609875015070075,-0.8117924674795374,-0.45273880979159226,-0.006602153259496757,1.0,-0.5165699131256548,2.675437846552516
-0.24008496069210167,-0.7098391567854518,-1.0,0.42060488477742763,0.5752852118155026,0.512104475006468,1.031533470100635
1.0,1.0,0.7307251357239632,0.023531729433938997,1.0,1.0,-1.5481405883449195
1.0,1.0,0.37021047124882234,0.9866690105623209,0.7069406057593213,-0.4844338162775067,-0.39015093858835626
0.35928145740918727,0.20457322939322964,-0.032799008473784225,0.3690640937240922,0.2038403569251277,1.0,2.817664946867699
0.1505080093562811,0.7818958157312073,-0.24997690353312152,0.16200168639530682,0.12567814588674292,0.9458030728133053,3.8174342821709852
0.05257204245454419,0.26311357717482103,-0.08642353801418334,1.0,0.4178913958956805,0.4464027700985066,0.3725742139420637
0.12439676065892968,-0.6819838577498352,-0.45074041836602463,-0.6466421735747343,0.8233710667796745,-0.517540115335121,0.628034200221745
0.8868756646086446,1.0,1.0,0.8005381213790992,-0.07866585767471956,-1.0,2.805176349446042
0.4695388279910728,-0.17886347295735755,0.438588715232724,-1.0,-0.5357828963790641,-0.9259926510065033,4.81705789567126
0.14248474366489416,-0.1655900074378549,1.0,-0.6241969478412248,-0.09202855930553457,-1.0,2.3242558254887222
0.27858266871153214,-0.1832936111469517,0.33592410454235416,1.0,1.0,1.0,3.3622043465694738
1.0,0.23138684647285568,0.33378133946919597,0.08403299650921037,0.31694705944161805,0.565699438558154,-1.282427222997602
0.5272735733339257,-0.7204250942758577,-0.378210267138829,-0.7374811605275163,-0.4050237488814987,-0.41782334102848084,2.3972152616942837
1.0,0.7658624376710661,0.6280585589291445,0.8608896836857518,-0.6878773510965437,1.0,3.3090372191202726
0.9048131951128411,-0.12941633279795073,0.08852053396881865,1.0,0.822953171464317,0.2356820950573093,-1.6369849562341032
1.0,-0.23451391384799286,-0.30268683738629987,0.2873765815784445,-0.24036367769911,0.8037365143890387,1.9626523746531679
0.0626132262631316,-1.0,0.8736873710555388,0.04921279653150945,-0.6282088069276435,-0.005022782399064174,2.461622091957476
1.0,0.589849213237897,0.35414763353816126,1.0,1.0,0.9379950835158248,-1.0055688531617148
-1.0,-0.21478495968620953,-0.5203559094064265,-0.31810887978898283,0.07931705504591985,-0.645753951572088,1.5232707373930465
0.9420990631230227,1.0,1.0,0.013803459126902867,-0.9014052630275204,-0.7980462407267186,1.7295286411483803
0.7611179204108789,0.42069056471619115,0.804762894742469,-0.08801291016621338,-1.0,0.044132422005530136,1.439466160333486
0.804879767623073,1.0,0.08990045539600633,0.14118328371684363,1.0,0.6105239333154653,-0.4950196656222022
-0.3777882325720851,-0.37220896555323313,-1.0,-1.0,-0.021183606799585863,0.436374689073996,-1.440641921002573
0.7163684214072146,-1.0,1.0,0.6072640581891053,-0.17132919306515626,-0.6584202592845685,5.222632794073072
-0.030017693233367754,0.38027698877634775,0.10743149485799774,0.3031062152327778,-0.056876842948515804,0.45850311191413307,0.5108891327450917
1.0,0.10172362802145707,1.0,0.8484637277384476,0.016760569978980077,-0.14918929212335877,-0.9620093899110239
-1.0,-1.0,-0.15224162168505007,-0.3504624329770782,1.0,0.7395566191789029,2.174947263443303
0.014012042296474021,1.0,0.7293296403699104,-0.037604789123386495,-0.8193437055368459,-1.0,-1.8382345091859964
-0.35984709736143206,-1.0,0.4657765975269893,-0.1431960425238104,0.0037603187751171774,0.4163610540610504,0.7113218407730169
0.6283033109720578,-0.48323545062830187,-0.5753409942730161,1.0,-0.019248212767428274,0.3886030543631865,1.3694344937377092
-1.0,-1.0,-1.0,-0.8998419164072912,0.003589317632832212,-1.0,2.909310098234229
-0.14257157970980022,0.3407819699360089,-0.6895347577652067,0.477446616415862,-0.6120784869771835,-0.7767526816642278,0.9615098070602104
-0.00788922087328775,-0.4825272378746958,1.0,-0.539905494622994,0.4345961989337126,1.0,-2.036737242069304
-0.907043986604015,-1.0,0.22321837570677314,-0.14891985468360414,0.593020616011668,0.2502638179363305,1.983480522607587
-1.0,-0.5511436898065569,0.9488726252671591,-0.30367369588995985,-0.3484889337170371,-0.8348154487750745,2.7534571530359013
-0.4495762185381583,0.15127562821284615,1.0,0.1591784957781164,-1.0,-0.4334873261589193,-1.6169154178771052
0.5321654386843794,0.8850345142386408,-0.9188775770926766,-0.06910288378396223,-1.0,-0.4233739223552859,1.8556065792810714
1.0,-1.0,0.19445729123485622,1.0,-0.2677529323002207,0.3869957218515769,2.9643965911441845
0.05626564884554475,-0.479811506976536,-0.4940074682873701,-0.5303911922273946,-0.3326456762714254,0.10099984817043184,0.5799610190952452
-0.7307496645504865,-1.0,-1.0,-0.6291879172844961,0.22874265901792268,0.38113276387233797,-3.9945628468385594
0.44259148750298766,0.8125769003151745,0.9185735883944011,1.0,-0.34205748616704,-0.8407814544947239,1.9351460566102217
-0.3934644638426173,1.0,-0.18503422007352585,0.8883940934788118,0.004939777772923981,0.18791034979694077,-0.31539398619572717
0.9520020277606771,0.3500656050313109,1.0,0.8311338882570922,-0.06578481308316184,-0.8902743193683941,2.18608750763888
0.37364270745839023,-0.4974702015562362,-0.12447683257519915,-1.0,-0.07257704329465942,0.057290763197588926,-0.6610678863230318
-0.6570222532783689,0.3312202490026659,1.0,-0.012971071235140571,1.0,1.0,-0.02111331035320077
-0.7608459142988835,-0.32553718772638646,0.331312460202308,-0.04757808593704915,0.6891159402558544,-0.04110134402385379,1.6494128961085537
0.6172538101917691,0.7113307603560637,0.31680602210691977,1.0,0.660669332456604,0.8674565785686343,-0.8490833472276262
-0.595720743866737,-0.7821512542953004,0.24936275732858304,0.6415000742483983,0.694407379599862,1.0,3.783071275807716
-0.23461336339176064,-0.5702194911482092,-1.0,-1.0,0.4037928019652096,1.0,3.160945166318949
0.5599898964870693,-0.9835446762144143,-0.6508081347726679,0.8616961517913705,0.036217956063077136,-0.8407663065556075,-0.34957613558654577
-1.0,-1.0,-0.38826799235913745,-0.30206578666802875,0.045561163724643305,0.14650381435390322,-1.2816696430674435
1.0,0.7641603774910676,-0.1473427662656775,0.9707683380486807,0.29781937968307304,-0.24670214509884555,-0.04058313751361098
0.16829760805445965,1.0,-0.6302025222991535,1.0,-1.0,0.9469150102199566,8.409246283721409
0.6544687575317165,0.35412583724287605,-0.016644079250856925,-0.8149154281447177,0.4556077031708424,-0.11005426927353895,-1.1660865848082622
-1.0,-1.0,0.46064751330322995,-0.5329859276825126,-0.15587838097582912,-0.1812146656037099,0.9637098299349669
-0.5543980042632446,-0.7177607209880884,-0.6724710069667579,-0.7394607131669829,0.8795734796750447,1.0,4.193530828561855
-0.016429985225492105,-1.0,-1.0,-0.736991054902584,-0.31657199978317035,0.03685484352237571,-3.094974397371203
0.25572998900535393,-0.44185058657324344,-0.1936859351455773,-0.0015101461961236073,-0.8455510228931273,0.39578876799469404,1.987058172424439
-1.0,0.21867298609147046,-1.0,-1.0,0.04398190690436099,0.38689016425049727,-0.3255186010126177
0.2587681010318497,-0.33827840470482806,0.4763105151517537,-0.8701542091801079,-0.09872235823314962,-0.1344243135335968,0.0014445106247186756
-0.7729616059231488,-1.0,-0.04242542142948123,-0.914571362061821,-0.866191951413704,0.4204300176097876,-0.007128788338248884
0.2801323428535372,-0.696686618413935,0.7183859552985891,-0.043966344023500636,-0.10291697142455247,0.4438294888918043,1.137464859776206
-0.03221188333026863,1.0,1.0,0.09152984759016247,0.28394860077346523,-0.8353874312447752,-0.9705868579268112
0.2101863086213139,-0.5546952120461723,-1.0,-0.16677473017030664,-1.0,0.47415006210078986,0.6371693579494223
1.0,-0.2591229371284651,1.0,1.0,-0.27346250691694485,-0.7942032826589609,3.247498986547701
-1.0,0.5981214633175669,0.09767197951346174,-0.1566232311172514,-0.6575011292736522,0.32665237213443343,-1.846074510810478
1.0,0.7482178500472281,0.4395781940622141,0.7335574493407124,-0.38974187753381684,1.0,2.3612597999351657
-0.6770897397171719,-0.21709442143759716,-1.0,0.32286230483630707,-0.6940338182208742,-0.6404138444659365,-0.741546497829235
1.0,0.8265624187152428,1.0,0.5831721089757109,-1.0,-0.2992662995592008,4.414819478520232
-0.39767078000963557,0.4606907326223353,0.6060113344430874,0.0025097598895714125,0.043873572110532055,0.24887040065830862,0.9342128298346797
0.507541817680194,-0.5263423701502761,-0.40055596034634106,-1.0,1.0,0.9766886144409883,0.37481730919264333
0.15356533312430454,1.0,1.0,1.0,1.0,0.5516648963633941,-6.7351748991672755
-1.0,-1.0,-0.05660959211641181,-1.0,-0.35185110182365753,0.39745665760978377,-3.707894507020078
-0.5521812568092395,0.6038726954145697,-0.32204533166864874,-0.5448592697428507,-1.0,-0.09811087746125488,-0.9263121561754473
-0.8376197587336185,-0.8621510510179744,-0.7464267338791627,-0.6939718575475816,-0.14585963315717287,-0.040109752255304554,-2.2365502759310023
-0.3326049377410352,-0.9635614262079025,0.8510002349021536,-0.8746961070020547,1.0,1.0,-1.4725893554150031
0.019811974338224125,0.2990479702078498,0.14374440593023652,-1.0,0.6658965502696805,-0.23606947833596903,1.104963050833403
1.0,-0.11524015266067156,-0.2562166798808002,1.0,-0.04468258483112168,0.2330508232887037,0.39529912791452926
0.5073079328990268,-0.09385298934116254,-1.0,-0.5615602020938446,1.0,1.0,2.864992211646476
0.7730853716122135,0.0006930311947752621,0.35617509771683903,0.30482880072136137,-0.4026511730805689,0.744174290624875,1.3536234036952073
-0.24046316838388893,0.444075830454686,-0.9767584098366167,0.8486749215410738,0.5852806148245401,-1.0,2.093323036898347
-0.8750354005897727,1.0,0.5783820119987781,0.9902865912224074,-0.31640508034084136,-0.41394237126284333,-1.6497243460015687
-0.4866170447908462,-0.2176441150449302,-0.7811826615293096,-1.0,1.0,-0.5539912487405757,1.8505289222833001
0.7596094737796518,0.07694829593148605,-1.0,-1.0,0.08557147545349841,0.3092476921972859,-0.43963339053869577
0.5252582948170934,-0.29027965217487395,-0.5630925079384949,-1.0,0.37926864205757693,0.09777006063589738,-0.6534622839472142
-0.04032711547183948,0.9269106152831128,0.7356892514055331,-0.015141879658114726,-0.970495525646665,1.0,0.9777237883523018
-0.06486966878264505,-0.31989436921893005,-0.8093831357352348,0.8142712597053386,0.5692924126165259,0.047114298096858465,0.4215293729909947
-0.9366979955838401,-0.45479561597018603,-0.31569484802256875,-1.0,-0.8699350020923714,0.1485779078628324,-0.43995955326585556
0.5999351840723594,0.11263921698915019,0.6939395941553912,-0.9487483789704785,1.0,1.0,-0.09570431703095356
1.0,0.4865746734883436,-0.31074915081243726,1.0,1.0,1.0,1.4265947474734681
-0.2876458205912982,-1.0,-0.25802515703393253,-1.0,0.026736645174646467,-0.7099543663290617,2.5410737077411167
-0.25137448295936515,1.0,-1.0,-0.34430950749330713,-0.0505623281819958,-0.06731110746875157,1.7369228412325899
-0.2777021962303948,-1.0,1.0,0.35860624009599884,-1.0,0.09540597843977983,1.7385405529655689
-0.0022276975649972997,-1.0,-1.0,-1.0,-0.7195551990988558,0.24902126707192035,-0.26651622853207024
0.6678198759131444,-0.25997189989825814,-0.38070313888423585,-0.2891308746072297,-0.9501181238623264,-0.2031624825289743,2.887452077457323
0.6216801489350032,1.0,0.7163180732725417,0.158069159594449,1.0,0.4289018668500317,-4.524872680675261
0.808300124798291,-0.38385194815770945,0.17216688192449742,0.3683373640424197,1.0,0.5634098495289985,-2.537090869949211
-1.0,-0.9973009703666669,-0.8959212780176837,-0.9456420614599148,-1.0,-0.5558230867311347,0.3598524838798164
-1.0,-0.14337306851980447,-0.3349757406341841,-1.0,1.0,1.0,7.4463002708508705
0.646631030656221,0.380732927001193,0.5198751833775694,1.0,0.039421949942437085,1.0,0.7828181500331493
-0.6988481429039847,-1.0,0.30857135305806005,-1.0,0.24821866027911155,1.0,-1.9983958430465678
-1.0,-0.3034048499289613,-0.7189174951253955,-0.33791006270354385,1.0,0.7639157728399812,3.8719309190864992
0.5417444609755553,1.0,-0.4863812549966645,0.040763494383930454,-0.6952280089656002,-0.834187637933975,2.6238359211977715
1.0,1.0,0.9383819448139206,0.4146877005926781,-0.7773569438692447,-0.299907815790055,2.228875940875746
-0.5858996362237687,-1.0,-1.0,-1.0,0.6556113661080996,0.021127307302831078,-6.7052972808350155
-0.6674283140693891,-1.0,-0.3836714087732398,-0.6866154471448329,0.7308563947161155,1.0,0.8683063355276265
-1.0,0.572315253175469,0.7173293958049428,-0.31598033230954825,-0.45960647163429613,-1.0,0.5579011857383157
1.0,1.0,0.5534280497558601,0.48325657187528126,0.47293603027676057,0.17934552789474278,-3.94987772204425
-0.663911124522415,-1.0,-1.0,0.7659621290224617,-0.08744685863598595,1.0,3.050676920367042
1.0,-0.021673830239501757,0.38535289064175404,0.4809839894793547,1.0,0.6404176351698965,-2.1368578167636985
0.5868596501563368,1.0,-0.3945793672182643,0.5682717257937808,0.3147219003061361,0.5499815366453944,1.794196569402692
0.5389130546831329,-1.0,-0.22070136354025177,-0.04620821500380262,0.32074405060762845,0.6838907873214832,-1.3898627892081707
-1.0,-0.5484603956990546,0.2377684463547609,-0.28729109628092475,1.0,1.0,3.5361692782105
0.41151986268957047,0.3932266508016264,1.0,-0.119774438228784,-0.3796720615766397,-1.0,2.2850702633494473
0.9519926836240604,1.0,1.0,0.553560213075198,0.13593836214819285,0.25183088232481315,-3.9982465285957414
0.3457737255152076,1.0,1.0,-0.318618971510436,0.3734526014576295,-1.0,-2.098943706588437
-0.16672841272381622,0.18361264708726965,-0.10222849488129215,-0.057422401467642326,-0.3908178048740882,1.0,3.160827778185343
0.5955975313719462,1.0,0.36862615400940524,1.0,1.0,1.0,-0.052361634760161924
-0.5889485075374438,-0.31061736766601783,-0.27882174417999905,1.0,-0.4292911879317223,0.9226017220281288,1.5068391283360083
-1.0,1.0,0.7113338992237151,0.1470487538936756,1.0,1.0,2.3211376147021263
1.0,0.16347119181073885,0.5726693159301381,-0.030002206289672873,0.7352897885018641,0.0986865308567384,-2.6800948342453914
0.16930897223630925,0.8083760149133914,0.8696242453830023,1.0,-0.9589379129924237,0.019990428340053712,0.9633894620927939
-0.15910369453320228,-1.0,-1.0,-1.0,0.8431537340767481,0.12509431107253355,-5.282148760147838
0.3378411899821858,-1.0,-0.18492066562804976,-0.3535533772182109,0.29726136323954255,0.38999863225953724,-0.804584293166593
-0.2387819054114253,0.6736801176285283,0.9376280985346551,0.4566295295326556,0.18723016545065652,0.8142438201888077,-1.4027132398894029
-0.7896921836571742,-1.0,-0.6618436956748588,-1.0,-0.7872407660980792,1.0,1.2162671463426713
0.27760271730780417,0.03277276500734061,1.0,1.0,-0.6634169298042181,0.16405306061309172,-1.704040952053324
1.0,1.0,0.04690274767932401,0.6056903497134236,0.5757283164246846,-0.8337380082871979,1.9721534994306598
0.19068524359253258,0.6767796450042391,1.0,1.0,0.0071136271228239845,0.22713994723022268,-2.077496661787263
-0.06500833012873658,-0.8903103714378271,0.6794452066082263,0.8140734401421448,0.04710213225831311,0.7646184796592377,1.1926626655277237
-1.0,-0.8277224461538013,-0.6623320737536862,-1.0,-1.0,-0.2990156086366782,1.06267136093177
0.3342314720462709,-0.2580520301503317,-1.0,-0.15749884584903007,-0.3255104624862546,-0.04120052039426425,0.24376739719620927
1.0,1.0,0.22919372603998256,1.0,-0.46581213011046096,-0.9644594778875163,8.42498747064807
-1.0,0.32197668511111,-1.0,-1.0,-1.0,-0.11640976287671512,-2.706056508697871
-1.0,-1.0,-0.04851564869889424,-0.9832051759493069,0.1840986883624054,-0.8778840931015459,3.9507619494810546
0.03864248598256481,-0.15504444974618048,-0.6294128593024773,-0.026512833414529702,-0.2433504026855703,-0.2827908525361973,-0.238360012956503
0.15120692772599453,0.9094776647593226,-0.30743459167607723,0.8429095378039979,-0.7244527915047515,-1.0,5.417283158638142
0.10389499536849567,-1.0,-1.0,-0.6428046600465458,0.44837121299335375,-1.0,1.1712865124440204
0.4251140617073137,1.0,0.5916321046036364,0.032717723547813105,0.5303370255591695,0.9666680470126422,-0.5740632468701653
-1.0,-1.0,-1.0,-0.9526235662441682,-0.699601458834457,-1.0,3.541954886700928
-0.433894518001524,0.6025474381373277,1.0,-0.9121450054926346,-1.0,0.7104553192938781,-0.642492435641367
-0.04841902050115554,-1.0,0.30468544774289485,0.3490184618030121,1.0,1.0,3.7388576311940986
-0.0004345383496829891,-0.0728764488334866,-0.8471253412520099,-0.3583759935350004,-0.8375309669117833,-0.7295821947012207,0.14930293783267684
-0.2218224860824538,-0.15283068996769456,-0.8207275346417786,-1.0,0.2880751224634639,0.3694264847204253,1.6286933474391516
0.5590050670046016,0.8937319790235431,0.20375076345239762,-0.32053022178622254,1.0,-0.7491593975331792,-1.3561406227056634
-0.9037155288525873,0.8445173714948736,-0.33367801126506896,-0.15682124245494578,1.0,1.0,9.320823619359631
-0.4069159611992361,-1.0,0.46676521154841927,0.7206367514237575,-0.36151716317583493,-0.6023115344089159,1.834927415963113
0.6526183331411601,1.0,0.08738173116012593,0.8721951025668788,-0.3170565254420177,-0.5097111443636013,3.4460345182732395
0.7265873899223033,0.7492922844339114,1.0,0.8252117381480656,-1.0,-1.0,5.882094357512842
-0.44730623055895335,-0.22184820303897057,-1.0,-0.6679979036023906,-0.9774731917517717,-0.05504707559200395,-2.4247433169499377
-0.8860694532071866,-0.022286478121097894,-0.691199888639921,0.1995573798858693,-1.0,-0.7091771199113648,-1.18901324742305
-0.36576298485154535,-1.0,-1.0,-0.9974914342525198,0.9807402262339749,-0.5948685397862841,-2.357516931760441
-0.3577151022037548,0.593691083252144,-0.26788216853727176,0.6780057822471789,-0.7491276840053425,-0.3827399685492512,0.3437534598171377
0.9840301779872229,-0.9275886580986163,-0.6656416764245139,-0.5367158263543457,-0.4285503372830939,-1.0,5.966783749661442
-0.5389580101499691,-0.08408249525092082,0.4014760254782883,-0.016650480088289288,1.0,-0.36158378211106124,1.6035359944081073
-0.07129040596243463,-1.0,-0.38768134038829705,-0.5234623307612497,-0.11954387513848297,-1.0,3.8968119243206853
0.6465723660587129,0.2912338648490629,0.6817987536515735,-0.23331572398787165,-1.0,-1.0,4.3709363545147255
1.0,1.0,1.0,0.01169075153483945,-0.5761100427292051,0.6331966337729888,-0.31070954255146166
1.0,0.9668381907933812,0.9598510174254365,-0.12965869871839672,0.0026172190993865516,-0.19766727555164143,-2.0100378482621033
0.526472631829427,1.0,-0.8935821981987859,0.7277451667810806,0.13342067314592354,0.9583257136526682,6.066161495958255
0.11097206847099739,0.30215528391774665,-1.0,1.0,-1.0,-0.35674644950207923,-1.6641943640067653
-0.1110946815640157,-1.0,-0.3498240834457602,-1.0,0.9011923953924543,0.19012620025404803,-0.13654316926583066
0.02472631140640491,0.4142197150833522,0.9325359025656172,1.0,-0.6310849572012746,1.0,-2.248282038306692
-0.48836051972805017,-0.9066502796137876,0.5847792972412515,-1.0,-0.700180206539561,-0.04389600702418603,0.9905186828901011
-0.5166071716860811,0.11431194828417607,-0.19634173007428088,0.7446792089764854,-1.0,-0.9730305484747588,0.16180392206153466
-0.6099252688396157,-1.0,-0.8938021348080701,-0.4146594886523364,-0.1640453183381047,1.0,1.2661120275356947
0.15969210064822037,0.468154196277226,1.0,1.0,-1.0,-1.0,2.223957733459348
-1.0,0.3489713543846047,0.7280418997054935,0.9844221709179287,0.3324184241450457,-0.3922715986026911,0.32685068206841295
-0.012325924742518368,0.7048130951504787,0.4225499670842969,0.08092353653817183,-1.0,-1.0,0.7627917113486397
-1.0,-0.33609737048709243,-1.0,-0.9038043882183266,-0.5582919138324137,-1.0,3.8658115826633845
1.0,1.0,0.3395283697474687,1.0,-0.5774912254174027,0.5628510840701328,1.6463566498758588
0.3920540417248235,-0.40108955498451526,1.0,0.5887954112908379,0.08200912660562454,-1.0,1.3395913108908468
0.34442244754800067,0.06690241968888772,1.0,0.8621363072874191,-1.0,-0.3456832413227501,1.2467882682597327
-1.0,-0.03688216245017739,-1.0,-0.047615374734178983,0.30655347075649075,-0.5474763703930485,1.2777887746235657
0.3425073610545032,0.4613500428385805,-0.21583784949070106,1.0,-0.8412338956317091,-1.0,4.788737605100821
-0.21482231886130876,-1.0,-0.4177484302709711,-1.0,-1.0,-0.048835392191484805,3.5341414544499408
-0.20843092615997016,0.22199703484647537,-0.03816500548459248,-0.058703846941641075,-0.06147609788486652,1.0,2.480872261375967
0.7445009536087459,1.0,0.5826387311541938,0.6601771116675876,1.0,-1.0,-1.14380538160303
-1.0,-1.0,-1.0,-0.545382690869703,-0.08373978228972623,0.8911456558152302,-1.3332358510286468
-0.9275000358885239,-0.2297681142707871,-0.5372712309953211,1.0,-0.27212217875503336,-0.7031594271874567,0.27577982177766436
-1.0,-1.0,-0.24825308075958827,-0.5717529505447235,0.7116186797085556,1.0,1.9206795047670764
1.0,1.0,-0.28072554162202046,1.0,0.8996342062254977,0.6155808486621884,-1.4148800315399415
1.0,-0.06617680092617617,0.5585627946325414,1.0,-0.41525746937477725,-1.0,6.393386737590843
1.0,0.47718595048624535,0.1613076246182682,1.0,-0.14932934501530193,-0.7556961808288408,3.9249670455605923
-0.5300792069419342,-1.0,0.05880956131235128,-1.0,0.142521887565082,0.8108844151140187,-1.4250142177081608
1.0,0.6514199296315883,0.95571296870545,0.7714908843047419,0.195958617217488,-0.29881050557275496,-1.1330781111594033
1.0,1.0,0.5497544373368031,-0.9017441137145976,-1.0,-0.26824628236522075,6.3853376162650255
1.0,1.0,-0.4758158895140905,1.0,0.36442476910605515,-0.5650823791168782,1.3964430330025646
0.6937467529769649,0.6266561665799095,0.3500681864510535,-0.015445729730956481,-1.0,-0.12467344277155235,1.8048608118105423
-0.5685204442126741,-1.0,-0.5535401828821325,-0.6730147259306574,0.8166269086103825,0.11902397449513738,-2.06424170690521
0.0834016076963092,0.6909667407243647,1.0,1.0,0.21001122159462016,1.0,-3.5727378992618513
0.058877440226212774,-0.41563893924920825,-1.0,-1.0,-0.6920289643517091,-1.0,3.761807663400242
-1.0,-0.10295667777082951,-0.9081596760043227,-0.526528625538699,-1.0,-0.8462792754833852,-0.574021236794334
-0.19795152840223906,-0.4135356725370708,0.05812355229902477,-0.9015124405111921,-0.010440095690679899,1.0,0.9945609157430715
-0.21008036423172782,-0.8060343152909089,-0.22471173989561066,0.7555600631726438,-0.7904919117859384,-1.0,1.878327071511083
1.0,-0.9169608305484469,-0.8994224234882979,-0.0013160265461391735,0.7248475833221041,-0.5272090694032208,-3.612735663062244
0.7306506608125902,0.7086295156504152,0.4437686298827874,0.520955045310284,1.0,0.6252680913351378,-2.1296494790089517
-0.09044654268451233,0.29820917246329187,1.0,0.30942820327312753,-0.30959176219173257,-0.30083239659001015,0.8566188259331746
0.5087080989223914,1.0,0.7494952527478312,-0.036719187080159754,0.3369261830763184,0.5170088010453169,-1.9528641928049908
0.2585811324005143,-0.0025564496623868838,0.26440928719942636,1.0,-0.7234381691941162,-0.5738309195175961,2.0720423165371264
0.47592320381730707,0.962468218747774,1.0,1.0,0.7992318745267972,0.6563166138148381,-7.801881221296218
1.0,0.8234941106286737,0.1301152204328737,0.1233730738806249,-0.12287021846282675,-0.036746282104768935,0.3078151515362143
1.0,1.0,0.7921153126289283,0.3464074815404483,1.0,0.10227013095511606,-4.372040141188742
-0.6895263781139772,-0.17380666814221968,0.39090880004329903,0.12724344926934156,1.0,0.22227773504748316,2.1011185933683025
0.8825448952703712,0.31267635794093906,0.13006058872430404,1.0,1.0,1.0,1.5937171694408332
-0.7872972708420838,-0.5316120013835985,-1.0,-1.0,0.5491133024634723,1.0,4.185333608908592
0.7192838428808026,1.0,-0.8655943177108139,-0.1821422893259094,-1.0,-0.13303351917826034,2.9578880250614237
-0.6957698760611802,-0.36153245808886303,-0.7292898851710661,-0.34729931253612567,-0.7597589125116231,-0.7195123385281437,-0.0925760432436765
0.1119942576191646,1.0,1.0,0.8987071702405389,0.06856293260267221,1.0,-4.407181461130159
0.9456722647085591,0.7058615699398562,1.0,1.0,0.23787498896518167,0.38960368424635916,-4.497065819120766
-0.4466798152455551,1.0,0.2673056150645955,1.0,0.04047031715798788,0.06592232831183509,-1.9203718423815441
-0.15962975851437866,-1.0,-1.0,-1.0,1.0,-0.15377203808538592,-4.544356874740731
0.17286974750974016,-0.4124809915167915,1.0,1.0,-0.2912870122009421,-0.1168034801134159,-0.6082712061647447
1.0,0.6518905475394658,0.1902176100048631,-0.4830006538128978,-0.26879272815879407,-1.0,4.698787310084522
-0.3024810480080682,-0.045737658231611134,-1.0,-1.0,-0.36994394023751487,-0.426546104149772,-1.5639708475433418
1.0,1.0,0.7585827955841062,1.0,1.0,0.8030222599717477,-8.488891929528442
1.0,1.0,1.0,0.735097006992421,1.0,-0.05156882088200475,-6.38585699470793
0.38732643346781614,-0.020204758267280187,-0.6139766496100199,-0.11560990380894953,0.05938014867337878,0.8872328554692129,2.8374108354067986
-0.6466698581147933,0.36840922166546997,0.7506165095811346,0.6734764229853816,-0.05437519743791474,0.17740123568692656,-1.320896426708687
-0.06038924607514412,-1.0,-1.0,-0.531680202712836,-0.05582022264703579,0.6211165981465308,-1.8586743975020217
-1.0,-1.0,-0.6230402487182509,-0.6826026331104843,-0.6883210784488363,-0.8447847446121288,1.067610288986305
0.6967847382783539,0.9366054270071819,0.1452903477013416,0.9422834934775781,-1.0,-0.7823977234006807,5.916750422347281
-0.30626205256414574,-1.0,-1.0,-0.6060537418786829,1.0,1.0,1.6081274370079395
0.8828721972362479,1.0,1.0,1.0,-1.0,-0.24034467080613475,4.59445871283765
-1.0,-0.0627775735133741,-1.0,-0.43775482312179814,0.8964773152514056,-0.6397696742570322,2.2743712952579083
-1.0,-0.3657529819860477,-0.3827282686908047,0.5113221373181914,1.0,0.2833538290135953,2.3470542263715335
0.863775784073896,-0.19362620520269402,-1.0,1.0,0.2695787174819828,0.8721747909947304,1.8100430562805319
-0.07304399912119941,0.45397771477740395,0.1120583406220777,-0.7822442417138935,-0.6611975907595189,-0.7570638569179748,1.504121470606532
0.3807948358273249,-0.6131409968923863,-0.41370918062404805,-0.5639396416371756,-0.1450779182960067,-0.9838168526707607,3.5944048189819275
0.0928330384501258,0.8694496443928073,-0.2730296885468134,-1.0,0.2029647404161316,-1.0,-0.442695649291536
0.4468581051316043,1.0,-0.4926439108295859,1.0,0.3496970933549597,-0.047609946735999414,0.21128301886367878
0.2035880621930628,1.0,0.3016149035563698,-0.5563267389935361,1.0,0.9445320964133856,4.937737137380089
1.0,0.2658400498283404,0.7587508510828522,1.0,-0.11677235664218993,0.1593397676995424,0.6096418454628845
-0.9759136064905596,-1.0,-0.11478547913425252,0.9695963595389732,-0.1170839309625189,0.8672334312118423,-0.3069746228493373
-0.5743694639937253,-0.38691558796272085,-0.747357500689855,-1.0,-0.35979004755640465,0.2585905620827136,-2.220178434237797
-0.3452458831783406,-0.6642903625123213,0.6341834629569538,-0.6145754627212544,-0.07754245425907169,0.18522459638618605,0.11285338037278675
-0.2310075303331204,0.4194392365819713,-1.0,-1.0,0.7295177926317753,-0.1012997339538455,-0.05746040759804888
1.0,-0.16884016311041944,-0.03101698040196038,0.5559209225254952,-0.5729251037072465,-0.21341480295081006,2.673762582359151
0.5728563614536003,-0.1642003804343949,-0.36369703107442686,0.5559352490505098,-1.0,-0.34983101729590027,1.4068595617723338
-0.23284170864326426,-0.28232021441374755,1.0,-0.034786363644949636,-0.9177405458034464,0.002528235215642119,-1.2562124998379811
-0.4549493607113351,-1.0,-0.6022624134599379,0.9390605268094521,1.0,-0.32212878883227625,-1.9824899799857274
-1.0,0.5157271819370524,0.5489061875892804,-0.3714832163433841,-0.7517846903890189,-1.0,-2.2415504485997095
0.3621307970780068,0.5392102144690921,-0.7943387590440307,-1.0,0.5610830427343286,0.06860238356578263,-1.3328836559925183
-1.0,-1.0,-1.0,-1.0,-0.6928737317292316,-0.7377110681178278,0.520327031048778
-0.012796068119610426,-0.49247037979702624,0.20621308971786523,1.0,-1.0,-1.0,3.8563079720156765
0.8789526393956002,0.9079084733891276,1.0,1.0,0.8422568624366815,-0.061206609033421705,-5.533936405781579
0.5233432260554002,-0.07662825344916137,1.0,-0.7368199849846462,-0.21646187024682495,0.10949613193147556,0.251032438285636
-0.44688573179841007,-1.0,-0.2441126630955398,0.15479665235544826,-1.0,-0.15660847362836883,-0.0899917316001515
-0.3712664614937982,0.5946497507301152,0.08060069759140112,0.4704417803852169,0.5711482089294302,0.9364214603250515,3.2423961734609144
-1.0,0.008703372458609526,-1.0,-0.5018647938135397,-1.0,-1.0,0.07027542633000228
-0.9606469937810365,-1.0,-0.29824223849364384,-1.0,-1.0,1.0,1.2228745071162235
0.1968908882561532,-0.14847608831488096,-1.0,-1.0,1.0,1.0,5.46681412582405
1.0,0.7468824941776423,0.6444101783379755,0.19048958849294484,0.32115740772664836,0.536685583449414,-2.137238932653271
0.7091044482397153,0.08271919714847936,-1.0,-0.6654441317477484,1.0,0.14229775831518493,-2.083091027107515
1.0,1.0,1.0,1.0,1.0,-0.49836055367119414,-6.513962515178395
-1.0,-0.2292252450729091,-0.02322937816885884,-0.3515815321244402,-1.0,0.4445566437143651,-2.601529871654585
-0.716583664630725,-0.711902495555733,0.30504195841245185,0.6008453162928049,1.0,-0.6516302025129712,3.147095473397469
-1.0,-0.48101289248924733,-1.0,-1.0,-0.13168373396770805,-1.0,4.927145822728495
0.19500031531208645,0.9451447246731832,0.954344247837746,-0.7137307147508749,0.0024056347780510023,0.2537375125474116,-1.7809478735441076
-0.6868674388356187,1.0,0.1133814719975827,0.17600723594381562,1.0,1.0,7.066989647467158
-0.6767118731645911,-0.07274303579372232,-0.15214281838152505,0.8417571103224017,-0.22374805219726124,-0.16041495011928497,-0.18144534003098034
-1.0,-0.032192943334890756,-0.7425695457436159,-0.33771614407073525,-0.8430941038170233,0.10174324814648583,-2.4787515970778164
-0.10621995525283949,0.5939108344290048,0.1510119396230985,-0.39197646888237,0.1759911239551688,1.0,3.9284408751860673
-0.19169987637061991,-0.7123730036714685,-0.9699180693946545,-0.9353469559122605,1.0,1.0,2.9030113336723904
-1.0,-1.0,-1.0,-1.0,1.0,1.0,-1.4484312317690116
-0.45767240856411917,-1.0,-0.5612029883755234,-0.40933965382752674,0.8774120006537536,-0.003858712580655236,-1.67275328653598
-0.8774996811400095,-0.07778125791320945,0.6706507116862483,-0.6659245701431513,0.41181917905986243,-0.107353762337739,0.24436501170445074
-1.0,-0.9526102347761133,0.8193205105421397,-0.4007528633240594,1.0,-0.7692310590473959,5.767549551934523
0.06440709994302563,-0.5050774585810215,-0.8514890087441378,-1.0,-1.0,-1.0,4.307497382244449
1.0,0.13975633978370716,0.5819653976687297,0.470132544247432,0.30520278651858124,-0.06296806601427923,-0.67145892241123
-0.5352945615626115,0.487441456152241,-0.5593906537476632,-0.7504412871302515,-0.03733797206356654,-0.5901974504979512,0.15374780217733675
1.0,-0.36375332962582735,-0.756343766029164,0.6973610685385896,-0.12914483349797196,0.63041310090084,2.129547487985591
-0.3226422359408336,-0.13768000235370426,-0.2387178236839308,-0.23233840022333263,-0.7185570550206732,-0.2788681463785343,-0.4176817160102351
-0.7844245652148083,-0.28865349460321876,-1.0,-1.0,0.07778863666855906,-0.2766828978221234,-0.84097058596995
-0.6129213588083965,-1.0,1.0,1.0,1.0,0.22985292477004826,0.5903439851389453
1.0,1.0,0.5460655283898228,0.6395042119640235,-0.05331942786950339,-0.18595103211484498,0.23008187778004224
0.9095566983998766,1.0,1.0,1.0,1.0,-0.04357207889307646,-7.701221602551211
1.0,-0.49225378797240427,0.22466671240674563,0.30074943439448015,-0.780063576245611,-0.8679371812178596,7.044495745310894
1.0,1.0,-0.08985832892457328,0.3860089754922117,-0.04427449780629039,-0.6204160931246046,1.2862588580993966
-0.07581783693852129,1.0,0.3407782380490014,0.6810846040918211,-0.527615256432595,-1.0,2.7173535725646483
0.9831412965966791,-0.08205956417020488,-0.741615822724208,-1.0,0.2164618984827531,-1.0,1.4292181988437376
0.07941158744209559,-0.6355863901434806,-0.04554909536088603,0.19215237861763895,0.5217479697183867,-0.6354247128358993,0.843503014271391
1.0,0.2756193637652895,0.7854367352061431,1.0,0.27262820526265436,-0.2841809421586572,0.056394707854865445
1.0,1.0,0.5478405720708279,0.2716513181641349,1.0,1.0,-2.019330629176506
-1.0,-1.0,-0.2327016405884787,-0.15073960691485144,-1.0,1.0,-1.3662426414085909
-1.0,-1.0,-0.24555859867535146,-0.522662945239732,-1.0,0.7665817420158457,-2.795038218616127
0.4299757614104023,0.06740033078626895,0.47080468948568654,1.0,0.18251836974459046,1.0,1.119325518694716
0.1254678164085501,0.40079881580051746,-0.07102249064845689,-1.0,-0.7353327764073073,0.9874118553355116,6.697669663639102
-1.0,-0.22314184760217548,-0.7025582962596086,-0.3533615224602271,-0.639275296828375,0.6072034659226825,0.04068125059046446
-0.4086229586825729,-1.0,0.24065485778362972,-1.0,0.19384065673273498,0.8369308234848887,-2.0291107554516183
-0.40610819903943707,-0.4336821746430881,-1.0,-1.0,0.5167900370314609,0.7939766403866824,2.4237682097827427
-1.0,-0.26495318365693343,0.9240359219183598,-0.8301895217054801,-0.8052766272265477,0.027031016975833655,-2.417388921724108
-0.6949762804498955,0.07963001302784234,0.9266037076963998,0.4099030148023667,-0.1962841192952296,-0.17053080701593104,0.7656121037947177
1.0,1.0,-0.2555648717766164,-0.4694512795651899,-0.40755446565637127,1.0,7.185212936458248
1.0,0.8743241224181073,0.12269242278571313,1.0,1.0,-0.2471111003859922,-2.631030233832075
-0.35111757199099214,-0.27952584296450644,0.5880393326382205,-0.7625697225258068,-0.7340250914718915,-0.06432430229404307,-0.20423487080898411
-0.7047515749139884,0.5078877101615791,0.6867551908614488,-0.8866294091625542,0.41016572241838833,0.49882395123004686,-0.5366794362983203
0.008956713241028952,-0.38051592672930845,-0.652045333532494,-0.5951632051532789,-1.0,-1.0,2.165301063919897
-0.5720463475135396,-0.7671918722988467,-0.6114524505080992,-1.0,-0.08959917259132388,-0.4906805684369089,-1.2883152517223608
1.0,1.0,1.0,0.054192688517912924,-0.7966435094039929,-1.0,3.3821339516774804
-0.12108692391593756,-1.0,-0.1360779739410123,-1.0,1.0,-0.6728644123524103,4.816955013011002
-0.09082334493836552,-1.0,-0.01485625064602858,-0.9253803831170158,-1.0,-1.0,9.13002981265953
-0.7311285905571159,0.6993885236289354,-1.0,1.0,1.0,0.4809557154516857,0.9773524153832843
1.0,0.04231999066074543,0.19597852142719963,0.9119971541139089,0.6138510435023312,0.09023114844355748,-2.4173041942191427
0.2890779488096378,-0.08662373822447361,-1.0,-0.3462191106836342,1.0,1.0,4.3004436364583745
-1.0,-1.0,-0.2215709405258126,0.68537179814332,-1.0,-1.0,-0.27932375826574934
-0.9434214823370901,-0.992977223321266,-1.0,-0.07222106824750774,-0.21285967320378651,-0.2566552218257805,-4.167915882539433
-0.7434821508342899,-1.0,1.0,0.6396360617296195,-1.0,-1.0,0.8320163932501398
-1.0,-0.23874935209742754,-0.4555305709203308,-0.4328720654296367,0.6296672641701095,1.0,5.009437240633384
-1.0,-0.22123175124974215,-0.5511148160150154,-1.0,-1.0,-0.2688779997506614,0.44278970255298367
-0.8849447144398537,0.12824787098784624,0.07295127148285552,-0.6074389304249519,-0.6933919238585626,-1.0,0.48520227736587473
-0.6941311382744944,-0.9670222888378492,-0.47299079216426465,-0.021006774838850162,-0.8418242098685864,-0.10415712047620918,-1.5319200049011177
-1.0,-1.0,-0.6562567624244655,-0.6454593980135115,-1.0,-0.6044805660249097,0.7265044811513385
-1.0,0.9467210518326664,1.0,-0.3193798228334417,0.893869563253147,-0.2599252084099759,-2.6420460802929617
-0.2348867314577252,0.076750898425899,-1.0,-0.7442985535954378,-0.7955528184495279,-1.0,0.8321218861069185
-1.0,-0.04581464746114805,-0.49906891015852795,-1.0,0.7522343562411513,0.5433358433640377,3.2977983075809894
0.5173787496539252,0.7528371000730394,-0.22766209709980534,1.0,-1.0,-0.06614176658713566,3.1106746327255137
0.15549773054178773,0.07490386360887114,0.3174912763234027,0.9538821445893608,-1.0,-0.1838165217929253,1.493190243192271
0.22923371384491187,-0.3059175206498158,-1.0,-0.6191713884571517,1.0,1.0,4.549545731267559
0.09944182376892718,-0.3186782507939966,0.27059726840478504,0.7168090326238894,-1.0,-1.0,4.03265998944789
0.6896572484891186,0.7741980579621643,0.36735550851794163,0.6693429761772778,-1.0,-0.4555403400649991,3.6603752480099745
-1.0,0.912687959742239,0.7012077439857332,-1.0,1.0,-0.22602562127501857,-0.12237799446860259
-1.0,-0.5448949092347888,0.32444976410909243,-0.8924828919941221,-0.4589460493801515,0.8878958677815871,-3.5422436910340105
0.7832707024607953,0.5222876033246785,0.2135078535494498,1.0,-0.7453921032705837,-0.12927877197857246,2.9341489410115518
0.6953878850741442,0.23713010288808167,0.2509762880993365,0.28644661937030824,-0.697089712870284,-0.08618792719422119,1.7936545690700199
-0.06884737340702485,-0.15272171773407694,-1.0,-0.7888089827316838,-0.764973208933247,-0.419660810591873,-0.16202894820416236
-0.12359700370884363,0.23632000243515172,-0.10665288284906183,0.2712531378991056,-0.9213549746074947,-1.0,1.3809000231013049
0.3966391240547701,-1.0,0.3318039327910933,-0.48614614581390836,-0.5359550075765541,1.0,3.140081442259892
0.1603642921542736,0.4700820497638249,-0.3633352019763502,1.0,0.4856623945671653,-0.9139337251647981,1.0183276767843144
0.7965603372210349,-0.808456977583049,1.0,-0.6154175343705413,0.10211022230174574,-0.41716216854132504,3.0806172392334723
-0.28780003238150964,0.1907952417516165,-0.6690125294254873,0.7722903636660059,-1.0,-1.0,0.8042169494049002
-0.7745212942354294,-1.0,0.2180739826398868,-0.2836028677803518,0.42327391368155803,-0.4872742809150863,3.66757646505159
-0.7977999838910608,0.2723916340106802,-1.0,-1.0,-0.9827220150585474,-0.13032235466723163,-1.8487882998308638
-0.19686923351635244,-1.0,-1.0,-0.8137286748561481,-1.0,-1.0,3.4107062888085675
1.0,-1.0,-0.01242663024728266,1.0,0.9667939099401456,-0.13513026067776013,-3.283900210383535
0.08985963935126795,0.06826661674577994,-0.8109653230882168,1.0,-0.7530098137956195,0.17046932659090924,-0.715902855684963
-0.8341092998843738,0.9984101901549366,0.6943318248649879,-0.9372954191303768,1.0,0.7345183776271315,1.195292702776761
-1.0,-1.0,0.13480732694473774,-0.546983639159792,0.33780431788928666,-0.7134861379950571,4.648989968995762
0.028316045150991398,-0.22563438987544082,0.15964779728747347,0.4647779652019103,-1.0,0.9743811715046305,3.7361235383502915
1.0,0.1429790528735766,1.0,1.0,-0.28520411129530987,-0.5367211030352871,2.4599441118525487
-1.0,0.7828368362006114,1.0,0.3639501854202748,-0.060219805949775385,-1.0,1.3596176243896807
-1.0,-1.0,-1.0,-1.0,-1.0,0.3772181400726753,-2.8343338285343833
1.0,0.6886025829439589,1.0,0.1855188138822157,0.21603295359572616,0.44080857305647225,-2.816884490923444
-1.0,-0.2297528298256032,-1.0,-0.9598708749542046,-0.987514765144113,-1.0,3.0726017926747633
0.03750305302047019,0.10095238971096226,-0.28049053697232396,0.06092803145797987,0.34096328070407844,0.0866258393762051,0.21672780467901398
0.2896940090141935,-0.3855922564721651,0.058627119668903646,1.0,-1.0,-0.7129936457766965,2.5660080647450476
0.176160636449335,0.05127067459956458,0.1884489507407225,0.3709563104960184,-0.24351025999334452,0.004268232155584251,0.17455430827403154
-0.17092747817948883,0.41020513972619566,0.3598295848664268,1.0,0.04929488844134311,0.6225711430556711,-0.5949788656126409
1.0,1.0,0.5949030966512951,0.2648984741998821,0.038290337432123636,0.5224610546194128,-1.630317374910092
-0.6920950755420797,-0.0011861187814690144,-1.0,0.1984137109544768,-0.03445889388397205,-1.0,5.393451690262145
-0.6482816790459245,-0.22663597766408228,0.15526797996695696,0.2291543388865192,-1.0,-1.0,-0.35786563983468483
0.19073710702493263,-0.05425319390883154,-1.0,-1.0,0.682585390878426,0.1477472433204281,-0.7701187710927112
-1.0,-0.7261242882189867,-0.08327761018278546,-1.0,-1.0,-0.5908195221290904,3.005909667747115
0.5009957211890742,0.8302243806055315,0.5609814328047308,-0.18274670489182743,0.9078432614737428,-0.7128699057098548,0.2693256694085905
0.3567343661588319,0.7920902556774014,0.7005067327431564,1.0,-0.44406007092385713,-0.3773205410687219,1.0463578556666375
0.6743467156692544,-0.16483202336750635,0.834525802580951,-1.0,-0.598553954718549,0.8155074042138599,0.7159249779787861
-0.9692269377875891,-1.0,-0.8035889282092978,-1.0,-1.0,-0.07573911584159054,-0.4135559607214288
-0.49951235380123427,-0.6584106004675686,0.10085372511133112,1.0,0.13384001962608089,0.9671396061876962,1.9213905537779172
0.4321839372018923,0.3491359892716325,-0.282456052385092,0.6988783838455419,-1.0,0.10028440860269794,1.485234026263011
-0.49370779562416,-0.11014596595422255,-0.8564449360334874,-0.7099282478339795,1.0,1.0,6.661193979557789
0.06098163144630808,-0.46951912576374616,-1.0,-0.1190683677384298,1.0,-0.38156609721213675,-2.050271921850738
0.9174503557048852,0.45735124335536836,0.4857713732011133,1.0,0.7245634094848126,0.6523127192766109,-2.3820442976240708
-0.028874631161821984,-1.0,-0.5274890051520531,-0.4577948269542855,0.5393020975619223,0.17179857101058232,-0.9289042902038178
0.5257092747556811,0.45481656559386374,0.7092660183985221,1.0,0.4553359608117197,-1.0,1.7596985782197012
0.8118300891739101,0.8473843138530277,0.47564636915738734,1.0,1.0,0.29385321280506127,-3.431365580945989
1.0,0.9456319678563733,1.0,-0.01176563336625236,-0.9664755887039513,-0.23534071770361698,2.139882413880028
0.46370446912382257,0.9530045163056384,1.0,0.7019485893632886,-0.7809922525268727,1.0,-1.080023463281165
-0.6348473513455557,0.12012435964135293,0.7866418344659051,0.3831496877102324,-0.5487470732084376,0.7323736527327925,-2.5430044216511694
-1.0,-1.0,-0.656519460975431,-1.0,-0.3233992730992774,-0.10047968578599253,-3.6219064077505494
-0.6753687484367622,-0.08011694496625923,0.10152747752003044,0.19649524434767196,-1.0,-0.7124882123137324,-1.2655764311040811
-0.6124893860706649,-0.5212562545545031,-0.6931130670517974,1.0,-0.5133042267068979,0.30814935433173973,-1.6739518662387645
-0.23448691254785806,0.3845634716873041,-0.12191972915907706,0.30714497721730405,0.5070923913905647,0.24203589569112294,0.9436333021914636
-1.0,-0.33280481891413,-0.7322204284577669,-1.0,1.0,1.0,6.403283912986839
-0.3128641560041172,-1.0,-0.9943266401900205,-1.0,1.0,-1.0,2.2009848785367403
0.6800077716562545,0.22975636355084444,-0.6401874007237927,-0.9447861092675595,1.0,4.949981471447096e-05,-1.3332044751096523
-1.0,-1.0,-1.0,-1.0,0.6823654735709298,1.0,-1.4294426971792857
-1.0,-1.0,-1.0,-1.0,-1.0,-0.787957892048089,2.2328100722203374
-0.03671206904271773,0.5401004250729717,0.8850968553108817,0.7062821986160944,-0.3088446705477461,-1.0,1.6186044811277807
-0.4035237398059295,-0.9930999670491207,-0.865016152214446,0.40464314917757505,-1.0,0.02380723636138682,-4.17026829171267
0.7682338059478224,0.6071108989579538,0.020662389990566354,0.670096030759663,-0.4408420483424955,-0.0023954464789543994,2.1109634212437696
-0.10118091008940944,-1.0,-0.48617473516610976,-1.0,0.4680216406383949,0.41233825387593853,-2.2611636543863574
1.0,1.0,0.14149395569883794,0.6471165318676033,-0.1301621200850448,0.42979824038419834,0.7050177919889072
1.0,0.7562236909158353,1.0,1.0,-0.12285822515223566,-0.7979002112893538,2.5931422613872472
0.5281369188365374,1.0,0.6308203356311016,0.1170362888878631,-1.0,-0.7760338202190631,0.4518331840562928
0.7759397585881098,0.6611892374772024,1.0,0.6000081653834354,0.05307782718975805,1.0,-3.1708039938467953
-1.0,0.6132797717755202,-1.0,-0.9998469117172858,0.036982887054142544,-1.0,3.8845806495886293
0.5036835973032314,1.0,1.0,0.47244587500155943,0.18708590247725804,-1.0,0.35861517842711654
-0.024332611791510583,-1.0,-0.3293949706273698,-1.0,1.0,1.0,0.48880841466669733
1.0,1.0,1.0,0.27857821888291234,0.651814061623382,1.0,-5.544298593994979
-0.03821832476844528,1.0,0.3532689187987983,-0.3236889942850064,1.0,0.7028439770088879,3.7614177888768214
-0.6091331193234656,-0.916074239970897,-0.7795371573709851,-0.4807700155221011,-1.0,-1.0,2.132683542522098
1.0,-0.41722970734706466,0.366404444095647,-0.4722952998793373,1.0,0.5281515293334753,-3.8948991101841663
0.0747867676039915,1.0,0.3606376271677701,0.5298181677382157,-0.02277393827344576,-0.5966159807951563,0.47056659414256674
-0.30519781304616345,-0.3799905052142352,0.45136317526296665,-0.02967076689699888,0.24987814664355612,-0.8208149112552885,2.7654265271136547
1.0,1.0,0.8425175533458272,1.0,0.39020333054339684,1.0,-5.454743927743434
-0.34768859697142224,-0.08744000641719524,0.5787103028347286,1.0,-0.2481156098580901,0.2226253057081281,-1.1466922288882486
0.6625587770663519,-0.05803751420806341,-0.8210366235270098,-0.727695743492266,0.18890234582005147,-1.0,1.3472532938159911
-0.27040924971483277,0.3984210553401337,0.23272564597055,0.2761658060595734,-0.3059158345692823,0.03141635521874542,0.2509423599590507
0.7210370742889052,0.29703830674629095,0.2745502546653129,0.6070348412961069,0.2843235849101043,-0.08984576727669125,-0.3263099166517328
0.9507254544764812,0.137520951269972,1.0,1.0,-0.4968427339826877,0.42149891024347264,0.2914782433296005
-0.40298042660767136,-1.0,-0.06014367984954663,0.173109713627014,0.6587310284714647,1.0,3.2327801142737087
0.7576678946160804,0.02202055901814093,0.3054315427671994,1.0,-1.0,-0.34883610297436163,3.062865568012797
-0.6791166485848797,1.0,1.0,-0.39325648737348345,1.0,-0.5178959026859689,-2.270114166543564
-1.0,-1.0,0.0896488316457302,-1.0,-1.0,-1.0,6.169510128229172
-0.5531912130974022,-1.0,-0.2943644664132228,0.10344625218732256,-0.2210683230373467,0.5304192954455332,-0.4703498120340468
-0.1178882192975268,-1.0,0.32138186925771994,-1.0,-0.3289008567406707,0.9822444006063966,0.29075861722218477
-1.0,-1.0,-1.0,-1.0,-0.06328057849049107,0.24604665962645422,-7.763600972861694
0.885260918888619,-0.42697386188709446,0.44259925958833524,0.7970386778997455,0.9802673921074494,-0.9158874367883096,-1.6501366290027715
-0.26856732755033114,1.0,0.13145960284689373,0.9248885436643846,-0.4754280143360188,-0.1678319026334647,0.4581159534676237
0.3502017069212304,0.609517053078486,0.1097730473055214,-1.0,0.14335214536146162,0.4650689877305863,0.47792373915634345
0.21887952800716826,1.0,0.9430014970363538,1.0,-0.8615412978419901,-0.4253949017836748,-0.06615484530643168
-1.0,-0.7661983965065768,-0.2756840140331208,-0.6136288189172747,0.21623647984482708,-0.22502817965312172,0.3555270474438552
0.21095258584112309,1.0,-0.1442282255106605,1.0,0.35065777628498473,-0.7163866183026708,0.9946032590030263
-0.4061923265372839,-0.5948831965637875,1.0,0.26217527681910513,-1.0,1.0,-2.1364522011705027
-1.0,-1.0,-1.0,-1.0,-1.0,1.0,2.7162010970202055
-0.9037007915494422,-0.02785969627282925,-0.042767204051246566,-0.32995851862581804,0.6917016236976483,1.0,3.840070956972474
-0.22918814945149346,0.06825006781728943,-0.983397709463053,0.9338568342127933,-0.19592352608083774,0.13997795107550437,-2.032773507021614
-0.2357602936395949,-0.5060002976592066,-0.4782053715834602,-0.43174202511611376,-0.4609264969074498,0.0010574814441202118,-0.08985701587184791
-0.4644693626998601,-0.5601590603436674,0.4334563350108994,-0.7661645182727709,-0.7910684218493469,-0.46952257861695385,1.0140124262647774
0.9251049858305642,0.3949274105220529,-0.4668250934261739,-0.14470034657430486,0.49727081351928415,-1.0,0.859012651548906
0.5300569478869486,1.0,-0.10998915483930924,0.379071418823858,0.12899727099120079,0.3278519948624422,0.7443994458219888
-0.0685164381921719,-1.0,-1.0,-1.0,-0.5736295464200987,-0.17250844523617426,-1.4097596860985928
-0.6472437484493655,-0.523511818825769,0.8931585452672804,-0.20831745129486678,0.5760718724764636,1.0,0.02088650677160897
0.3192958897037219,-0.05315011633881879,-0.732194351641298,0.9689560299580111,-1.0,-1.0,2.8960202879367385
0.21600696393494548,0.20849603718486287,-0.5931357948659767,-0.5587029658609532,-0.9867628487345164,-0.516687400808323,0.3124548546653278
0.032395124108534984,-0.3332689455213626,0.4310638776404091,1.0,-0.137446269950864,0.4334780137551737,0.7981255784559802
0.24811416085140903,1.0,0.9063689551817871,1.0,0.2886629105566505,0.17021395276882856,-5.08524561237749
-0.5007138021457271,-1.0,-0.9628530724771951,-0.8518586614307448,1.0,0.5186258474680274,-3.650093264515344
1.0,0.35348876173022714,0.09599387913308433,1.0,0.07411736372538243,-0.31970001076602744,0.793741467576625
0.13709510143988313,-0.08447255654129804,0.45326580967177355,1.0,1.0,0.0016638884313191493,-0.2721232233048797
-0.18280860990981396,-1.0,-0.9515656383032824,0.302742898030407,-1.0,-1.0,-0.8895994242865463
-1.0,-1.0,-1.0,0.12299691396084977,1.0,0.9353260337092644,2.660717517177844
-0.22590460636782533,-1.0,-1.0,0.042850292069186,-1.0,-0.24667771126501892,-3.030172239196227
-0.6702604843258066,-1.0,-1.0,-1.0,1.0,1.0,-0.42796267237676655
0.7427733840104855,0.4358492624876493,0.4526394113653248,1.0,1.0,0.27809599272850616,-0.8645322478617494
1.0,0.8173345411762829,-0.1761464580755739,0.4003897431859169,-0.4466557054428222,-1.0,5.613828437945626
0.43112315533306167,-0.20522958052723783,0.5328860205610464,1.0,-0.36565137883945753,-1.0,4.8517594077866075
-1.0,-0.6327542763684213,0.6332354985099378,-0.5097360944591861,0.41380554847964546,1.0,-1.0524810267293394
0.06514168621073524,1.0,0.9892568783969915,0.6986218557424423,1.0,-1.0,-3.933089392424932
-1.0,-0.2322110495388382,-0.4287415302575012,-0.9607218242838852,-1.0,1.0,2.397976863731999
0.30155156371794467,1.0,1.0,1.0,1.0,1.0,-6.794028674628581
-1.0,0.02303475279261538,-0.7476886685679038,0.7295434663227913,0.9693757693873328,1.0,8.136446544066109
0.7840518786601209,0.23184353832768012,0.9780298244252629,1.0,-0.41358938589939886,-0.14472072149489007,0.9858950291262886
0.7645707583637196,-1.0,-0.5854911268116885,-0.4069202036966484,0.13618484714857926,-0.025945671787475533,-0.42243160505170274
-0.12246624968979901,0.4874563901395217,0.5310503151817505,0.8381716991315927,0.34273484387295405,-0.05355718006130039,-0.4047575350255223
1.0,-0.34371811049824064,-0.3164693601953605,0.9856226378228298,-1.0,-0.5544204913861756,4.061015778440355
-1.0,-1.0,-1.0,-0.8224791312288247,0.45506405927726723,0.7438307592511476,-4.568907068299552
-0.8013743800713841,0.7082916649278578,-0.6090560467515659,1.0,-1.0,-0.31647913439754816,-0.6435516831146173
-0.13426624905793316,1.0,-0.986478570409505,0.355644652428455,-0.106489213976695,-0.02542607640738126,1.5892690360006267
-0.2703262882555411,0.5671772216874762,0.30706718886851236,0.09843187836843321,0.7795345486287095,0.3697859566113777,0.3659859300140398
-1.0,-1.0,-0.8562381661387551,-1.0,-1.0,0.9059369357465046,1.5206408023180815
1.0,0.5811270798467978,0.748510342198182,0.5848522974661872,-0.8502914791138447,-0.4075197056338691,3.3924427590673147
0.2880062038248309,0.8424780746333135,0.24733206457533702,-0.5228195156520274,0.8302143084227205,1.0,4.522797884734003
-0.13058321604999612,-1.0,-0.4245197471295663,0.2914267388391672,0.43134964846871277,1.0,2.1827222452798525
0.34913544569705635,-0.736395029063806,0.36574697476649026,-0.6107277863783607,-0.19684127080794145,-1.0,7.4490837126457965
-1.0,0.2596594570802335,-1.0,-1.0,-0.5487024836719357,1.0,6.240688537090875
0.043017214894627634,0.1638581119012611,-0.7006796668965674,-1.0,-0.5975010145357891,-1.0,1.1247489523923095
0.15088111961304884,1.0,0.75594156471447,0.5268776447744701,-0.5043254308998661,1.0,-0.6728475033152277
0.703366237642032,1.0,1.0,-0.7587192580264378,0.6008291841547986,-1.0,-3.8522111193664355
1.0,-0.08814609999884976,-0.533460086035394,-0.061899230975840824,-0.09586132563387739,-0.04052232900599717,0.10568561656813641
0.17048518057767398,0.6178338439681759,0.6279753239278881,-0.4710682919557023,-1.0,-0.31631846155701693,-1.2673359220405764
-0.6566803343216243,1.0,-0.6081181142907913,1.0,-1.0,-1.0,4.918945936365858
0.3967576650135821,0.8468019176747164,-0.09254200289879277,-0.5575107285874809,0.09064965601210617,0.7285069592312345,3.2462025956163347
-0.6205934133818756,-0.2967447262657246,-0.6127681051343444,-0.8394329245009777,-1.0,-0.16691066089601758,0.5035337785449341
1.0,1.0,1.0,1.0,1.0,0.10415757600784825,-7.900438102136654
-0.27063896531577775,-0.4364587728496432,0.7289213367094386,0.3179480160367044,-1.0,-0.7524136307039528,0.5346517169430421
0.11096867619043543,0.10153985454581438,-0.6344927981509103,1.0,-1.0,-0.20951350317464446,0.43449761279386506
-1.0,-0.8796186566265405,-0.4322695167853291,0.6704966629503117,-0.7997085675355076,-1.0,-0.43671029823613383
-0.6437484735722219,0.49097512279763283,0.11558056135707317,-0.012296873756964422,-0.17187725752996924,-0.29914863140328785,0.44291956085344064
0.4802102746962849,-0.09537734466919867,0.1418667967716588,0.7416468928472374,-0.011659723818253531,0.3955155192127633,0.03456482864960342
-0.5665383117253677,-0.7825435149424063,-0.9908857108536616,-0.5964030758803489,-0.7385494398982206,0.2570493539484206,-2.414335622915656
0.8105230697937981,-0.463105623482407,0.3441495254420004,-0.3077771574391758,-1.0,-0.3337797353784766,3.888981146361371
-0.18776342268360802,-0.7529008852979653,-0.6900426065251873,-0.38177483118864347,1.0,1.0,3.822536407548699
-0.46617053446822326,0.8687211821487593,0.18036684577937498,-0.9359051862862174,1.0,0.659246694692114,4.2813247353031585
-0.2883857725336195,-0.43704996348199276,-1.0,-1.0,-1.0,1.0,7.769489699496156
-1.0,0.8108500658676618,-1.0,-0.39207255765395754,-0.5620883143002484,-0.5419327170512195,1.2375636001670356
0.7545732951502345,-0.005956626521293695,0.7841300294016792,-0.08923025944900698,-1.0,-0.40091644719867126,4.2297935035483345
-1.0,-0.00437493891819396,-1.0,-0.43969888499729004,1.0,0.3028400086543308,0.29126169375007094
-0.2245654099640797,-1.0,-0.34664993098889363,0.5523336975204405,-0.6982044246164256,-1.0,1.248153413470749
-0.3025058408493499,-0.9426674436541688,-1.0,-0.542978253518686,-0.7570526492794546,-0.7472482986604817,0.2925366133609564
0.29984278277930976,0.194888705646086,-0.4387514729583614,1.0,0.9535350983191919,0.3715183795055864,0.5628692454027802
1.0,0.515700991222708,0.9457807807117622,1.0,-0.5617763899837489,-0.16087234865351285,1.7958298148281948
0.516406238331022,0.962066042167987,1.0,1.0,1.0,1.0,-7.475320783289609
-1.0,-0.9684949765400421,-1.0,-0.9163315888987906,-1.0,-1.0,3.93363750311666
-1.0,-1.0,0.300536112189581,-0.887567859159105,-0.07609982449869174,-0.7002209406076645,3.046947965121422
0.5890083269049966,0.6081012211979999,1.0,0.3189284380169952,0.4012967845093871,1.0,-2.8858682830732123
1.0,0.4562247732252045,1.0,-0.3776410114649335,-0.5964365000621932,0.06484822018095515,3.1429725588255613
-1.0,-1.0,-0.8237585610518692,-1.0,-0.6674712868417609,-0.14737365583383766,-2.8218395106091623
-1.0,-0.3299016711313286,-0.12744728938041094,-1.0,0.548825337290013,-0.04771790484757868,2.1151707426284534
1.0,1.0,1.0,0.9543397056274892,-0.8699299694946592,0.4863816425414189,1.2902594101098108
-1.0,-1.0,-1.0,-0.5317606012638827,0.10902988249912589,1.0,-0.3067480839093497
0.43334067580773084,0.030466088285102777,-0.6154340599738701,-0.28380573542892745,1.0,1.0,2.5898829734411164
0.46050912025799456,1.0,1.0,0.9438067393984417,-0.08864816843364243,0.9954280411894605,-4.384812188077835
0.9763138840073994,1.0,0.25554335385079363,-0.27460651639737593,-0.9287433574091488,1.0,8.119063932013988
-0.5972380123175489,-0.20101509689597097,-0.6621608119184434,-1.0,0.9506093873492117,-0.5342805291064334,3.2953545824732973
0.7229374583464024,-0.627418078855206,1.0,-0.49937694607714,0.11547678612940315,-0.0809406087840494,0.018654627599624884
-1.0,-1.0,-0.0206861766519133,-1.0,-0.9039923542475881,0.8271385431652118,-2.1886152296577315
1.0,-0.24677994826720373,-0.8256838374765747,1.0,-1.0,0.8140362224866755,6.759894346124812
-0.14071268381035545,-1.0,0.16296487065409038,0.3956092867673904,1.0,0.38361815392061716,1.0917749248352413
0.6163928713729644,1.0,-0.3277042726705989,0.5544148520053773,0.4766501156596664,-0.1570590906251086,0.8446470774025434
-0.8886700052119088,-0.9909593259140053,-1.0,-0.05000152996465013,-0.052610616084928064,1.0,2.894424683476866
-0.9490366369384482,-1.0,0.10935068714416368,0.08517682683665578,-0.6701578602363396,0.5724722696571195,-1.6134745862610722
-0.1916138021107388,1.0,0.21777971388666184,-0.1671890818551086,0.36725349061633883,-1.0,1.29966476972635
-0.23340536196441242,-0.40421889918157183,-0.38741627484204455,-1.0,0.967823713884373,1.0,4.222860982286744
-0.829494864702103,-0.01417784581549486,-1.0,-0.6290401673293362,1.0,0.8456692543338877,6.544899019536302
0.31397301166479974,-0.6908245391294977,0.06486245070265662,0.23767057434855587,-1.0,-0.301308828091883,2.253631558752805
-0.36296930923856197,-0.14544777697750688,0.5325744411275526,-1.0,-1.0,-0.41918065748904976,1.8525425233351445
-1.0,-1.0,-0.9195545190537069,0.24282201906711343,-0.8247202727336616,0.1204881418959125,-5.78813806111669
-0.2900410414942771,-1.0,-1.0,-0.24425329755384695,1.0,1.0,3.5729192551072075
0.5316808197900866,1.0,1.0,1.0,0.03754915935917241,0.20839982389758743,-3.356949670266287
0.05667356566259918,0.2879717063161995,1.0,1.0,-0.2952577669543121,-0.9966628876567131,1.3134310119729589
-0.37299734509328275,0.5279819121796696,-1.0,-0.8282308397205681,0.4343038690402681,-1.0,3.54490402313724
0.16959569382525086,-0.19023766341262432,-0.5527363890992946,-1.0,0.9009777054699721,0.22126084580565353,0.7131021861404858
-1.0,1.0,0.4353235770423199,0.9844863491211926,1.0,1.0,1.448970463590022
0.2799596973231311,1.0,1.0,1.0,0.19613037141219286,1.0,-6.421966600843966
0.39682601690821706,0.32191428178223147,0.36196291443585754,-0.05345603800406529,0.24197288333883593,-0.5484100439150248,0.6337103143640348
-0.8973564286313878,-0.9345879012242935,-0.7127712952534067,-0.6373917242240599,-0.3529175581726891,-0.8506760723169855,2.402321932514137
-0.7435018221887415,-0.05135367819040648,-0.37799452400181954,-0.7426666191007155,0.20362753716420434,-1.0,4.8330912758692985
1.0,0.1673739701368897,0.12708360942433816,0.8352548695015902,0.4270880587429071,-1.0,3.3704847605263786
-0.01289046169362179,0.8670745902577196,-0.8665882035949778,-0.6118367989367601,-0.01307412414065201,-1.0,2.8161585091726833
-0.15651215715675537,-1.0,-1.0,-0.433842855121519,-1.0,-1.0,1.9105023230196607
-0.15514630901294413,-0.052248549011743695,-0.08724594688072784,-0.44613838120265736,1.0,-0.737104034108557,2.203394036616364
-1.0,-0.6752479940551105,-0.25394014526656156,-0.8857701784878069,-0.28401199075748873,-0.3126191850181117,0.7311537156956252
0.6438151467356502,-0.9930998542483659,0.5254415272486157,-1.0,0.35253453252439426,0.6920197626139617,-1.3396684585650545
-0.43050175640426547,0.27953503423675174,1.0,-0.5311380376542958,0.8440627331394648,1.0,-0.06552984837925906
-0.4045669855066152,-0.6739727315046593,-0.19423017884516436,-1.0,-0.930396635261839,0.4575815322433179,2.059711933710346
-1.0,-0.05215329864995577,-1.0,-1.0,-0.8849195584497896,-0.24249967044218282,-2.5491937041193875
-0.9240929183178368,-1.0,0.2617497975270311,-0.48818365501499955,-0.16992943560627138,-0.530974796092841,2.1145060002040448
0.8406227379734982,0.14793727416136393,1.0,0.36244350104676615,-0.2679820387999477,-1.0,4.21266240629285
-1.0,-1.0,-1.0,1.0,-1.0,-1.0,-3.6963734601097458
1.0,1.0,0.06736477367516991,0.1793678458208561,1.0,1.0,1.4372908126354962
-0.39214458882003855,-0.14102957679459827,0.05661204313805068,-1.0,0.37719254044113937,-1.0,4.022250561838446
0.02867820324013093,0.6935511438928892,0.058048782515052855,1.0,-0.2256588968825904,0.7735468818347366,1.6603774143134875
0.7593125442535786,0.5018807690113957,1.0,1.0,0.018484726556847186,-1.0,1.637763858690834
-0.07746328099521449,0.6353703527958504,0.4478545472620857,0.1686594041991764,0.10473170515285257,-1.0,2.532251523182601
0.8711356368440394,-0.7946609909402682,1.0,0.9738922618837522,-0.09999122531326332,-1.0,5.412364578654173
1.0,0.16905504649919184,1.0,-0.3186092005841695,-0.7802930473699878,-0.18459465918618323,4.2639207811177675
-0.6249039938557066,-1.0,-0.06109466173837996,-0.7064297811338276,-1.0,-1.0,4.65493249844403
0.3722332898433432,0.33604001749322676,0.7263948682469762,-0.3724308786120657,0.45454500736140657,0.13933035547429745,-0.6823578541846413
-1.0,-1.0,-1.0,-0.3281553380854534,-0.6412496933192926,-1.0,2.6234046135504183
1.0,0.050231443396983044,1.0,1.0,0.934388552548961,-0.269326486174744,-4.1444844716075355
-0.17893541905715682,-0.493468470186771,-1.0,-1.0,-0.5842156788351709,-1.0,3.786106117779836
1.0,-0.19548068876714142,1.0,-0.25565628316777056,1.0,1.0,-6.327650521160292
-0.11074480380830731,0.2903619591072353,0.0858824703917267,0.0422214885791784,-0.11440381894542173,-0.697676037474442,0.6077079001015462
0.12015967495114488,1.0,0.32244865894503527,1.0,0.7406920782298936,0.7857773227317879,-1.2185914455401607
-0.5114407004129451,-1.0,-1.0,-0.9661002204034645,0.21835608795355613,-0.1798729396108597,-4.550323821539181
1.0,0.9938808836774315,0.45577579377625277,0.05377295980132746,-0.8804150668138082,-1.0,5.227515795093129
-1.0,-1.0,-0.269821433873638,-0.7758069471140985,-0.16594737731489245,-0.5201307467597581,0.032643799871893586
0.11491905959170637,0.10085138230918544,-0.28303798356959886,1.0,1.0,1.0,4.966034343700151
-0.14531265310892882,0.25311838631793826,0.021171818846788648,0.8629332318083817,-0.052977693055490604,-0.9919432521509611,3.995034563274676
0.4941418290861722,-0.12751639845658905,1.0,1.0,0.7989167335749368,0.5283932426990168,-2.6085383667900928
-0.04450059133453976,-0.13166206383227586,0.8636220347440411,-0.1716621279304132,0.7986678374464766,0.32460274205064854,-0.9441205766686159
-1.0,0.6816014474626569,-1.0,-1.0,1.0,0.5021229728383465,4.79022861396546
0.21713383843997364,-0.6070841921100005,-0.19424009304907164,-0.7869853098182635,-0.2523983388047737,0.5708819476400556,0.5539689725735033
0.2708520762316454,-0.10238181033917332,0.5088678578183441,0.6067873799658361,-1.0,0.369696349598685,-0.05186285130129098
-0.8536501258286805,-0.3905546919400813,0.3172645675777793,-1.0,-0.06196333496799772,-1.0,3.50623039990935
1.0,1.0,1.0,1.0,-0.4894617731950045,1.0,-2.290886802343498
0.6144462513661542,-0.5935519202354852,1.0,-1.0,0.7635187646874732,0.3347937449561966,-3.7002952615773186
-1.0,-1.0,-0.7577415196108168,-0.5675393829743918,-0.2860472824999858,-0.07200965191357622,-4.525199543818711
0.5199866535678226,-0.23268467315650299,0.22256135066543725,0.8673394148865989,0.16547483890966552,1.0,2.0565406769685755
0.6090754501277174,0.21233718979945526,0.7287515178669759,0.5943981420118655,1.0,1.0,-0.8324276336383548
-0.5412893563565654,0.5149221333694698,-1.0,-0.2816335560596883,-0.1678928419206307,0.5487683528529892,3.316944708484538
-0.6214910907215284,-0.8767690306139592,-1.0,-0.9753897967790729,-1.0,-1.0,4.160066326111893
-0.606853495362736,-0.9185654793243733,0.2528389189778165,0.9190564366101287,0.7367641785322979,-0.8974408936931113,2.6732790544235105
0.6604991730649067,0.9596878346106925,1.0,0.7081852866897116,-0.4473661794315394,-0.6507109251623848,1.3020873229794392
0.16218534471902057,0.7047934601065291,0.3624207262224528,1.0,1.0,1.0,2.399301598877529
0.7190557175156109,1.0,0.3128784435845947,1.0,-0.012941178617531898,-0.9860467142217372,3.845199983013958
-0.6872571015474557,-0.5738302983628617,-0.8071046328980622,-0.6405567274504982,-0.2122902850379118,-0.9158993234846352,2.67016274399818
-0.18810797893085088,-0.09600090034931674,-1.0,-0.21481977124359797,1.0,0.9210738612763925,6.028746070204235
0.19150293768566562,-0.4257474573488006,0.7547380033787947,-0.055159353250102294,0.5702791102131453,1.0,-0.4007267703563138
0.15898647051261072,1.0,1.0,1.0,-1.0,0.09836695553695504,-0.9848432617868769
-0.16586055521730214,0.5524843123807804,0.35099487207955876,1.0,0.05254026828492819,1.0,0.9431999057782009
-1.0,0.836163572522124,0.2570229965976538,0.12744869938135517,-0.6297344629062147,-0.7098589380320997,-1.5763208581923465
0.3485213978530005,0.24240958788073086,-1.0,-1.0,0.20578300603784871,1.0,5.890058260111063
1.0,1.0,1.0,1.0,-1.0,-0.1336427333337329,4.907384496820228
-1.0,-0.9238978879372379,-1.0,-1.0,-0.4129250253528829,-1.0,3.5719216518331303
-1.0,-1.0,-0.5302936897623264,-1.0,0.09499496380243205,0.26126380848770947,-3.429810437047677
0.5480034334097891,-0.6398518193440478,-0.7889633214430827,-0.21746376798052258,-0.21643981829238024,0.4200913029007152,0.36934650209377906
-0.20517705475225295,-0.28853678093276747,-0.4639990191359057,0.59031345362236,0.997105187060677,-1.0,0.534707267727981
1.0,1.0,0.4109029687427085,-0.5113654336259735,0.9141294381072169,0.07221094431234121,-2.9585357317728223
-0.9607535298768067,-1.0,-0.9903899660796309,-1.0,0.8266685732495016,-0.4631887378695879,-4.773112561233187
1.0,0.819152644169141,0.3368425905357544,0.6846166171775043,-0.19808645077775533,1.0,2.655634986486177
-1.0,-1.0,0.4658854691092118,-0.7553675239640623,0.2093384914044112,1.0,-3.33260619613037
-1.0,-0.7710556088622558,-0.23704324915918207,-1.0,-1.0,-0.2061650658148073,1.4377075080232935
-0.11392919749472885,-0.6032085616528952,-0.1027522039615244,-0.13961121705375565,-0.07184092946738324,-0.5083546994755812,0.9667112072634341
-0.8433475237327885,-0.4412559596258392,0.01289540009066903,-1.0,-0.6521604139886327,-0.5409116971845391,0.6761006983386728
-0.0701933802590331,0.42226241606225573,0.14381007892794784,-0.26639169817369124,0.1104082207415622,0.8711931906401874,2.75275552860371
-0.8702241085118325,-1.0,-1.0,0.03148252876200852,-0.9063612437266427,-0.020926221795429356,-5.503312806093638
-0.23619255140480588,-1.0,0.6984615664226599,0.39638017917882024,0.19771540849523128,1.0,1.573426874388681
1.0,0.29573018773018156,0.3762723390160079,1.0,0.25292788972938046,1.0,1.0738073628280587
-0.9225758587357077,-1.0,0.5085574581398035,0.21885993522539848,1.0,0.3594985506183326,2.0234684703674364
-1.0,-0.9601577707606739,-1.0,-1.0,1.0,1.0,-1.2741020644772556
-0.1402962508375607,-0.26068463037463374,-0.5019939738062269,-0.9711317513259583,0.518976972137839,-0.6126684168387131,0.7252545598834355
-0.4306240265502054,-0.413192191897056,-0.6161553600638185,-0.05710369356601175,-1.0,0.6373321048744239,-0.5311565696754446
0.30095106884992523,0.17282203191244783,-0.10046090366952698,0.0009379974636356536,0.27964856781296993,0.11323681150933418,-0.5512302943150837
-1.0,-1.0,-1.0,-1.0,-0.5378723076649685,-0.10190013938566861,-4.9253273859980355
-0.549687442042466,-0.09288551024662994,1.0,0.10438233076219626,0.5517865739495753,1.0,-1.1487154044609809
0.4494030966280586,0.2971571508486695,-0.6522354947252547,0.45724246846654937,-0.4511601630430568,0.3640605712952526,1.2865379473143248
0.5877017805940628,-0.3434811246920551,1.0,1.0,0.4301775819529594,0.6113662801806081,-3.10240243899964
0.7784071060172038,-0.22499541579163118,0.4572205810456729,0.6552922128277039,-1.0,-0.2488226579806806,3.2068359918992724
-0.3379990610655255,1.0,0.5855370108619821,0.1077186710456346,0.6950390348916924,-1.0,0.5592570497987572
-1.0,1.0,-1.0,-1.0,0.4003442699980073,0.6840224481182431,6.129140364469764
0.8362872864726332,0.21902914323102418,-0.9542221536334301,0.7501135029575248,0.30306271677854424,0.9977170354688836,2.518286350682279
0.3194674296645723,0.16288472062716536,0.2897675872193409,1.0,-1.0,-0.3141305638443982,1.858145249132943
0.0065242191122009685,0.06864786862485713,0.4876184458316998,0.5171158995832199,-1.0,-0.6663905322255853,0.3801727910713798
0.8029725253414961,-0.01193175628921539,1.0,0.07821584505328727,0.7857228100106153,0.753835800751658,-4.05475895941194
-0.8891438580219612,0.014360017781322374,1.0,-1.0,1.0,-0.08699269795523595,2.57115023577828
0.980493836022182,0.7290286311528986,0.4856867349886842,1.0,-0.6216495632429098,-0.03419279212867632,3.5522833151796314
-0.2658647756371928,1.0,0.15446130851098067,-0.3756530333997853,0.810682281032638,0.3461728079222264,2.14215031203719
-0.834773997426559,-0.10490580530284954,-0.22279378943352068,-0.7174956387509078,0.512044827263119,-0.31036513429690005,2.0892233680972128
0.0884592564764839,0.4552339499736002,-0.07867747340514541,1.0,-0.11478654979084718,1.0,3.585811587518442
1.0,-0.7092339928932608,-0.4792742405209258,-0.41808882274857173,-0.008666224985808149,-1.0,4.5458737444811534
-1.0,0.029887275969160694,0.41824277201353044,0.9122926248475176,-0.4181451692099438,-0.390447487409429,-0.9950080886662279
-0.12377990205647432,0.29224052084155705,0.8793337882297704,1.0,-0.11591459673775836,-1.0,2.2159838891683306
0.919958262725604,0.9380933776075562,0.009751173206723383,0.6592287378560355,0.707880013055058,-0.2895630740465144,-0.48951156445158195
-0.6352280765003053,-1.0,-0.7857925200781165,-0.27958223422729045,1.0,1.0,3.7492903698729734
-0.014120642304581404,-0.35374344327802565,1.0,0.031552360255129364,-0.8063551336383437,-0.21337728009037116,1.0111211564017184
1.0,0.20078116670708923,1.0,0.6485544478206123,1.0,0.8350862414407543,-6.503507382674837
-1.0,-0.21542289528998793,-0.22165602160976006,-1.0,-0.9369305942177577,-0.3127093689586945,0.19709452422703658
-0.1777054617577758,-0.16643133404365756,0.3095990806224688,0.437349385596016,1.0,1.0,3.8843508848621315
1.0,0.7091831004133755,0.16434205401682966,1.0,-0.5383231298131939,-0.4614799321298555,4.341044258700367
-0.907383156142183,-0.603492298615893,-0.11204395058278127,-1.0,0.3155746367066202,0.014824299606962521,0.15563161347939358
0.30776595410146135,-0.3178188695123785,0.2818492708379536,0.17459609397443265,-0.763142052381438,0.08416963731968807,1.1182891830570996
0.8900115910432307,-1.0,-0.48012684020988516,0.8117326184809298,-1.0,-0.9146977415295748,6.766788194443914
1.0,0.9113425909063539,1.0,0.15586190450578763,0.34076859212612476,1.0,-2.7033022074143584
0.06321907525354034,-0.4952822160341016,-0.37116622912856373,-1.0,-0.44275229639172553,-1.0,4.889009803791145
-1.0,-0.11352279956623024,-1.0,-0.5613911689275111,-0.28103984627325784,-0.4778547107716249,-0.13325576836692452
0.6970010074436579,1.0,0.9665449509733843,1.0,-0.7032494499685649,-0.7242995649687421,3.952527614797986
-0.21225190209705536,-0.1523383008301078,-0.4650149441175263,0.2502102338188653,-0.3658423124963429,-0.6924430232302099,0.7274383421361801
-1.0,-1.0,0.27843283587408074,-0.5219822242654069,0.009804309883850726,0.37002247156074564,-0.5545577690157988
-0.32742502564234033,0.24698009775579804,-0.602852677757908,-1.0,-0.8852297178286859,-1.0,0.0908639943259267
1.0,0.23120585290184603,-0.26696512585960097,1.0,-0.38713644049524704,0.6867891546757957,1.654707118773469
-1.0,-0.43651702056509145,-1.0,-1.0,1.0,0.05124395245277463,-1.6177735732478737
-0.5410418258948684,-1.0,-1.0,-0.1246142153124159,1.0,1.0,4.538442898346485
-1.0,-0.786763597848609,-1.0,-0.7996330350793791,0.303436810501199,0.4593520365412238,-3.046606967900832
-1.0,-0.7242863749007826,-0.8945681216037118,-1.0,-0.7606782732562256,0.14479546729642662,-3.2862923911437694
0.9911358027920247,0.5778818454856305,0.5796724250475924,0.4807624720055377,0.1903795073239648,-0.42449075896989324,0.8701254624669876
-1.0,-1.0,-0.703752943833023,-1.0,1.0,1.0,-0.5178605761498218
1.0,0.006425458272010909,0.5217848616743963,0.41516791644144235,0.025180010077591963,1.0,1.057220287524405
-1.0,0.7229897665817551,-0.5928662903698707,-0.8990377427077225,-1.0,-0.3803092781222315,-0.7463532585424395
-0.0579825269298051,1.0,1.0,-0.20292918195499454,1.0,1.0,-1.1654626939956323
-0.129375447739856,-0.7557674093813226,-0.11979358993991335,-1.0,-0.8470167680338403,1.0,4.82282994936614
-0.09743229251319188,-1.0,-0.31432468281714354,-1.0,-1.0,-0.402488216871417,5.27916297299793
0.8208708573317185,0.014561853748009224,-0.3268954981283943,-0.08460456267648508,0.8727654379891867,0.07786337875117044,-1.3285942661495715
0.3953170925606495,1.0,0.37631903112999443,-0.5326987611579403,-1.0,-0.4164734223728095,1.963728576676902
1.0,1.0,0.777492111926682,1.0,-0.12147801794697632,-0.553509077391036,1.758647011882633
0.10630389417247052,0.09016010886947629,1.0,0.189935564150602,0.3088686938312508,1.0,-1.6363747790207512
-0.45547740619441857,-0.38604851679021035,-0.2811130719155761,-0.8464576455633128,0.606760105080742,1.0,3.2900918680072864
1.0,0.18757775418166472,1.0,1.0,0.4258579787709271,0.9718695407696807,-4.781196065029556
1.0,1.0,0.1372621780093033,1.0,-0.24540688224568652,0.9862721111003966,3.4165340734525436
-0.34616554272050293,-0.2747040458396982,-0.21211394906380415,1.0,0.16088369184449208,1.0,3.4211655673892554
1.0,1.0,1.0,0.33996117913217694,0.3054343617301858,0.23003985731870533,-3.8893943341220294
0.10073906587737613,-1.0,-1.0,-0.1266622300526461,-1.0,-0.6189164292305616,-0.9461027901778298
0.041398270938236115,1.0,0.5980644361782709,0.6641631725369459,-1.0,-0.38680432075763127,-0.04383937394119912
