degree,alpha,prep,cv_mse,cv_mse_std,cv_r2
1,0.0,A_OLS,33.375366204885495,6.749591582811098,0.26371213885735556
1,0.01,A,33.37536326463813,6.749639295016619,0.2637124889772294
1,0.01,B,33.37536474966645,6.749614007541847,0.26371230545742086
1,0.01,C,33.37536474966645,6.749614007541847,0.26371230545742086
1,0.01373823795883263,A,33.37536216929765,6.749657130467663,0.2637126197699806
1,0.01373823795883263,B,33.37536420651539,6.749622390323973,0.2637123677163534
1,0.01373823795883263,C,33.37536420651539,6.749622390323973,0.2637123677163534
1,0.018873918221350976,A,33.375360667859276,6.749681632785069,0.26371279937597114
1,0.018873918221350976,B,33.37536346107087,6.749633906686749,0.26371245323128817
1,0.018873918221350976,C,33.37536346107087,6.749633906686749,0.26371245323128817
1,0.02592943797404667,A,33.3753586115008,6.749715293803132,0.2637130459715904
1,0.02592943797404667,B,33.375362438375674,6.74964972794595,0.2637125706800176
1,0.02592943797404667,C,33.375362438375674,6.74964972794595,0.2637125706800176
1,0.035622478902624426,A,33.37535579841654,6.749761536509074,0.2637133844648646
1,0.035622478902624426,B,33.375361036041745,6.7496714632021675,0.2637127319702314
1,0.035622478902624426,C,33.375361036041745,6.7496714632021675,0.2637127319702314
1,0.04893900918477494,A,33.37535195636099,6.749825062816088,0.2637138489559104
1,0.04893900918477494,B,33.37535911451927,6.749701322923292,0.2637129534344492
1,0.04893900918477494,C,33.37535911451927,6.749701322923292,0.2637129534344492
1,0.06723357536499334,A,33.37534672075053,6.749912331063549,0.2637144860675198
1,0.06723357536499334,B,33.37535648419235,6.74974234361443,0.2637132574605757
1,0.06723357536499334,C,33.37535648419235,6.74974234361443,0.2637132574605757
1,0.09236708571873861,A,33.375339608508675,6.750032211492515,0.2637153594271743
1,0.09236708571873861,B,33.37535288852668,6.74979869635448,0.2637136747111104
1,0.09236708571873861,C,33.37535288852668,6.74979869635448,0.2637136747111104
1,0.12689610031679222,A,33.37532998954272,6.75019688576166,0.26371655564801777
1,0.12689610031679222,B,33.37534798256966,6.74987611044415,0.263714247132548
1,0.12689610031679222,C,33.37534798256966,6.74987611044415,0.263714247132548
1,0.17433288221999882,A,33.37531706152045,6.750423080852871,0.2637181922129709
1,0.17433288221999882,B,33.37534130652992,6.749982454995527,0.26371503201544705
1,0.17433288221999882,C,33.37534130652992,6.749982454995527,0.26371503201544705
1,0.2395026619987486,A,33.37529984151821,6.750733760711723,0.2637204276794323
1,0.2395026619987486,B,33.37533225535663,6.750128537126034,0.2637161074321142
1,0.2395026619987486,C,33.37533225535663,6.750128537126034,0.2637161074321142
1,0.32903445623126676,A,33.375277204048736,6.751160443611233,0.26372347451914696
1,0.32903445623126676,B,33.3753200480234,6.750329197012616,0.2637175794428698
1,0.32903445623126676,C,33.3753200480234,6.750329197012616,0.2637175794428698
1,0.4520353656360243,A,33.37524802638005,6.7517463732647505,0.2637276145398452
1,0.4520353656360243,B,33.375303706198665,6.750604809429864,0.2637195914985006
1,0.4520353656360243,C,33.375303706198665,6.750604809429864,0.2637195914985006
1,0.6210169418915616,A,33.37521156293106,6.752550851762623,0.263733215906877
1,0.6210169418915616,B,33.37528206423318,6.750983341181193,0.26372233642050347
1,0.6210169418915616,C,33.37528206423318,6.750983341181193,0.26372233642050347
1,0.8531678524172805,A,33.375168287086524,6.753655147820738,0.2637407487222571
1,0.8531678524172805,B,33.37525385678788,6.751503167436337,0.26372607109706153
1,0.8531678524172805,C,33.37525385678788,6.751503167436337,0.26372607109706153
1,1.1721022975334805,A,33.37512165964836,6.7551705301136895,0.26375079183766575
1,1.1721022975334805,B,33.375217978063255,6.752216921649981,0.2637311333608321
1,1.1721022975334805,C,33.375217978063255,6.752216921649981,0.2637311333608321
1,1.6102620275609392,A,33.375081697658075,6.757249146785312,0.2637640150442396
1,1.6102620275609392,B,33.375174098315924,6.753196748470441,0.26373795896431257
1,1.6102620275609392,C,33.375174098315924,6.753196748470441,0.26373795896431257
1,2.212216291070448,A,33.37507198732068,6.76009867805341,0.26378110426487117
1,2.212216291070448,B,33.3751239979717,6.75454145224037,0.2637470932778997
1,2.212216291070448,C,33.3751239979717,6.75454145224037,0.2637470932778997
1,3.039195382313198,A,33.37514319796948,6.764001917120678,0.26380256617588227
1,3.039195382313198,B,33.375074308755195,6.756386189962707,0.26375918568345125
1,3.039195382313198,C,33.375074308755195,6.756386189962707,0.26375918568345125
1,4.175318936560401,A,33.37539870828743,6.769342648704639,0.26382829112127454
1,4.175318936560401,B,33.37504196529046,6.758915548197937,0.2637749416255305
1,4.175318936560401,C,33.37504196529046,6.758915548197937,0.2637749416255305
1,5.736152510448681,A,33.37604247809297,6.77663930913616,0.2638566497095288
1,5.736152510448681,B,33.375064803318466,6.762381060727181,0.26379498248595085
1,5.736152510448681,C,33.375064803318466,6.762381060727181,0.26379498248595085
1,7.880462815669913,A,33.37746707395915,6.786587751887892,0.2638827184698338
1,7.880462815669913,B,33.37522180104574,6.7671244410800995,0.26381951728555003
1,7.880462815669913,C,33.37522180104574,6.7671244410800995,0.26381951728555003
1,10.82636733874054,A,33.38041255801816,6.800113676339515,0.2638949305989896
1,10.82636733874054,B,33.37567113928108,6.773607955504649,0.2638476463852267
1,10.82636733874054,C,33.37567113928108,6.773607955504649,0.2638476463852267
1,14.873521072935118,A,33.386246639966444,6.818433326304237,0.2638689828194941
1,14.873521072935118,B,33.37672065914445,6.782453309177682,0.2638759695832276
1,14.873521072935118,C,33.37672065914445,6.782453309177682,0.2638759695832276
1,20.433597178569418,A,33.39744341013507,6.843117006996903,0.2637571854718984
1,20.433597178569418,B,33.37895603184201,6.794489895015424,0.2638959206643971
1,20.433597178569418,C,33.37895603184201,6.794489895015424,0.2638959206643971
1,28.072162039411758,A,33.41836654762925,6.876142542739926,0.26347074090669464
1,28.072162039411758,B,33.3834689552688,6.8108117864110245,0.26388885024945646
1,28.072162039411758,C,33.3834689552688,6.8108117864110245,0.26388885024945646
1,38.56620421163472,A,33.456472359164124,6.919913759417969,0.26285214575342886
1,38.56620421163472,B,33.39225217735907,6.832839671262983,0.26381729603513515
1,38.56620421163472,C,33.39225217735907,6.832839671262983,0.26381729603513515
1,52.98316906283707,A,33.523987678209686,6.977202450180949,0.2616362019065176
1,52.98316906283707,B,33.40885749057218,6.862377922750359,0.26361016808591997
1,52.98316906283707,C,33.40885749057218,6.862377922750359,0.26361016808591997
1,72.78953843983146,A,33.63989592078899,7.050955205800288,0.2594031215610081
1,72.78953843983146,B,33.43943331280988,6.901646963260737,0.26313904553422185
1,72.78953843983146,C,33.43943331280988,6.901646963260737,0.26313904553422185
1,100.0,A,33.83157546521435,7.1439015825574135,0.25553843727082004
1,100.0,B,33.49423221354373,6.953256533685632,0.26218329813367747
1,100.0,C,33.49423221354373,6.953256533685632,0.26218329813367747
2,0.0,A_OLS,20.78551403381873,3.75879617133734,0.5363120265975475
2,0.01,A,20.785484704285665,3.758866124363651,0.5363136316203867
2,0.01,B,20.785508078667107,3.7588172533525412,0.5363123908980814
2,0.01,C,20.78550766574211,3.7588162762064052,0.5363124048374733
2,0.01373823795883263,A,20.785473772533564,3.7588922818414825,0.536314230862294
2,0.01373823795883263,B,20.785505854487695,3.7588251346090433,0.5363125270357922
2,0.01373823795883263,C,20.78550528730818,3.7588237922513104,0.5363125461836026
2,0.018873918221350976,A,20.785458782911082,3.7589282241465978,0.5363150534462982
2,0.018873918221350976,B,20.785502800629995,3.7588359623307928,0.5363127140237591
2,0.018873918221350976,C,20.785502021626613,3.7588341182978033,0.5363127403248376
2,0.02592943797404667,A,20.785438243928596,3.7589776148799543,0.5363161822697489
2,0.02592943797404667,B,20.785498608513652,3.758850838210866,0.5363129708344072
2,0.02592943797404667,C,20.785497538680225,3.7588483050798285,0.5363130069586995
2,0.035622478902624426,A,20.785410129099983,3.7590454923246996,0.5363177306929388
2,0.035622478902624426,B,20.7854928555994,3.75887127598926,0.5363133235000225
2,0.035622478902624426,C,20.785491386553847,3.75886779637663,0.536313373111912
2,0.04893900918477494,A,20.78537169693953,3.7591387878881406,0.5363198534606531
2,0.04893900918477494,B,20.785484964026814,3.7588993556701444,0.5363138077230775
2,0.04893900918477494,C,20.785482947170276,3.7588945761694443,0.5363138758498905
2,0.06723357536499334,A,20.78531926136798,3.7592670423758587,0.5363227612936894
2,0.06723357536499334,B,20.785474144888138,3.758937935552677,0.5363144724367983
2,0.06723357536499334,C,20.785471376636156,3.7589313710101413,0.5363145659721956
2,0.09236708571873861,A,20.785247909628396,3.759443397602263,0.5363267401574969
2,0.09236708571873861,B,20.785459323742508,3.758990943832165,0.5363153846485319
2,0.09236708571873861,C,20.78545552547028,3.7589819284197445,0.536315513038662
2,0.12689610031679222,A,20.785151177501668,3.7596859729294763,0.5363321762703046
2,0.12689610031679222,B,20.78543904219442,3.759063779789913,0.5363166360027087
2,0.12689610031679222,C,20.78543383312821,3.7590514000747253,0.5363168121786522
2,0.17433288221999882,A,20.78502072109822,3.7600197831152107,0.5363395877076744
2,0.17433288221999882,B,20.785411330051723,3.7591638660527513,0.5363183516256281
2,0.17433288221999882,C,20.78540419086152,3.759146869586749,0.5363185932651698
2,0.2395026619987486,A,20.784846087499368,3.760479423148621,0.536349662653366
2,0.2395026619987486,B,20.78537354359262,3.7593014093639234,0.5363207019531469
2,0.2395026619987486,C,20.785363767947764,3.759278080120897,0.5363210331779771
2,0.32903445623126676,A,20.784614814830352,3.7611128501965507,0.5363633022626164
2,0.32903445623126676,B,20.785322169569067,3.7594904496328176,0.5363239183701382
2,0.32903445623126676,C,20.78530880054489,3.7594584388005625,0.5363243720092791
2,0.4520353656360243,A,20.784313345691945,3.761986753115108,0.5363816614409808
2,0.4520353656360243,B,20.785252605288285,3.7597503084500916,0.5363283135478171
2,0.4520353656360243,C,20.7852343535667,3.7597064055839082,0.5363289341188748
2,0.6210169418915616,A,20.783929726921002,3.76319425052801,0.5364061711403568
2,0.6210169418915616,B,20.785158949369514,3.7601075928129326,0.5363343072216181
2,0.6210169418915616,C,20.785134091313,3.76004741824367,0.5363351547855866
2,0.8531678524172805,A,20.783459995225996,3.764866055978602,0.5364385064864777
2,0.8531678524172805,B,20.785033888948046,3.7605989736116583,0.5363424575396398
2,0.8531678524172805,C,20.785000146156804,3.760516568654682,0.5363436125452344
2,1.1721022975334805,A,20.782921873149142,3.767186885677687,0.5364804279664728
2,1.1721022975334805,B,20.784868872710334,3.7612750508740413,0.536353496494308
2,1.1721022975334805,C,20.784823283156612,3.761162338842721,0.5363550655893546
2,1.6102620275609392,A,20.78238255042564,3.770419907020593,0.5365333536222676
2,1.6102620275609392,B,20.784654963363828,3.762205753534325,0.5363683642865811
2,1.6102620275609392,C,20.78459377249606,3.762051844196861,0.5363704867304048
2,2.212216291070448,A,20.78201294992441,3.774943650471505,0.5365973944901606
2,2.212216291070448,B,20.784385157942175,3.7634879238820496,0.5363882297771989
2,2.212216291070448,C,20.784303795282938,3.763278241785566,0.5363910833388765
2,3.039195382313198,A,20.782190617553248,3.7813083126043647,0.5366693651167229
2,3.039195382313198,B,20.784059715816376,3.765256043091789,0.5364144687330882
2,3.039195382313198,C,20.783952994832397,3.7649712859710784,0.5364182724399551
2,4.175318936560401,A,20.783689538251906,3.7903220114253,0.5367389114960052
2,4.175318936560401,B,20.783697444675326,3.7676975237846273,0.5364485415361426
2,4.175318936560401,C,20.783560259551642,3.7673125198211577,0.5364535497001233
2,5.736152510448681,A,20.788020321393848,3.803182198477676,0.5367813184351227
2,5.736152510448681,B,20.783358503687626,3.7710747217669534,0.5364916550684479
2,5.736152510448681,C,20.7831875436053,3.7705573880568326,0.5364981315808499
2,7.880462815669913,A,20.798019325316226,3.8216717288722295,0.5367447378398752
2,7.880462815669913,B,20.783189028531122,3.775756942591547,0.5365439880702609
2,7.880462815669913,C,20.782986461782382,3.775067811842045,0.5365521403257184
2,10.82636733874054,A,20.8188249581443,3.848438608441059,0.5365286322932565
2,10.82636733874054,B,20.783506331671056,3.7822674334859925,0.5366030691692545
2,10.82636733874054,C,20.783287128170187,3.781360710729297,0.5366129048384928
2,14.873521072935118,A,20.859401446913548,3.8873627833259135,0.5359496446266869
2,14.873521072935118,B,20.784958039638376,3.791352874871175,0.5366605648453115
2,14.873521072935118,C,20.784763697355068,3.790180859695687,0.5366716097578316
2,20.433597178569418,A,20.93472024906378,3.943964171018534,0.5346921125157162
2,20.433597178569418,B,20.7888127410649,3.8040863169279393,0.5366961799225674
2,20.433597178569418,C,20.78873563818659,3.8026104657559125,0.5367069617812265
2,28.072162039411758,A,21.068489360111133,4.025703586496397,0.53224527358671
2,28.072162039411758,B,20.797477307689615,3.822018405543955,0.5366665051922516
2,28.072162039411758,C,20.797701265737288,3.8202324449503795,0.5366736755086425
2,38.56620421163472,A,21.295819760748763,4.141880195986313,0.5278404409837074
2,38.56620421163472,B,20.815388250398506,3.847394135870801,0.5364854292000608
2,38.56620421163472,C,20.81625058995491,3.8453672508911803,0.5364823996017929
2,52.98316906283707,A,21.664439443845264,4.302727236459263,0.5204191537493202
2,52.98316906283707,B,20.85048200681317,3.883447865398787,0.5359913624293908
2,52.98316906283707,C,20.852556527984788,3.881397774624724,0.5359664580900224
2,72.78953843983146,A,22.232361220688446,4.517448386329477,0.5086797590115307
2,72.78953843983146,B,20.916474851491444,3.93476660998774,0.5348958290106298
2,72.78953843983146,C,20.920656445433373,3.933169571281582,0.5348303762235503
2,100.0,A,23.060098935807034,4.791464562525967,0.49124663940425783
2,100.0,B,21.03608409165213,4.00765327091802,0.5327100679373645
2,100.0,C,21.043614823421425,4.007383112192196,0.5325777445281213
3,0.0,A_OLS,10.252401833464653,3.1208759659759213,0.7746046868778056
3,0.01,A,10.252306024038177,3.1207275361435918,0.774608124105951
3,0.01,B,10.252371781945644,3.120808276447161,0.7746056106775348
3,0.01,C,10.252381222772478,3.1208278926010986,0.7746053865724114
3,0.01373823795883263,A,10.252270724371984,3.120672193721338,0.7746093971598791
3,0.01373823795883263,B,10.252360609328843,3.12078299060636,0.7746059546120337
3,0.01373823795883263,C,10.252373548170096,3.120809933162158,0.7746056474396192
3,0.018873918221350976,A,10.25222268605811,3.120596290723107,0.7746111356031062
3,0.018873918221350976,B,10.252345314523877,3.1207482683819485,0.7746064258727179
3,0.018873918221350976,C,10.25236303137086,3.120785270286603,0.7746060052085693
3,0.02592943797404667,A,10.25215755146771,3.120492254141688,0.774613504114599
3,0.02592943797404667,B,10.252324404762787,3.1207005964688896,0.7746070709542273
3,0.02592943797404667,C,10.25234863360833,3.1207514071397733,0.7746064955568263
3,0.035622478902624426,A,10.252069690701529,3.1203497797756543,0.7746167207347971
3,0.035622478902624426,B,10.252295871907283,3.120635160814937,0.7746079527558816
3,0.035622478902624426,C,10.252328948804198,3.120704921546692,0.7746071670149394
3,0.04893900918477494,A,10.251952039158498,3.120154898957937,0.7746210696141546
3,0.04893900918477494,B,10.252257037467604,3.1205453715182774,0.7746091558520598
3,0.04893900918477494,C,10.252302084833067,3.120641127189372,0.7746080853430359
3,0.06723357536499334,A,10.251796146968609,3.119888772937109,0.7746269122601619
3,0.06723357536499334,B,10.252204372832047,3.1204222199466365,0.7746107929743212
3,0.06723357536499334,C,10.252265516782586,3.120553614431299,0.7746093391658722
3,0.09236708571873861,A,10.251592753025987,3.119526178965874,0.7746346913504928
3,0.09236708571873861,B,10.25213331439875,3.1202534139722773,0.7746130124955611
3,0.09236708571873861,C,10.252215916116098,3.1204336312943965,0.7746110470053724
3,0.12689610031679222,A,10.251333507513777,3.1190336939717374,0.774644914492183
3,0.12689610031679222,B,10.252038125642091,3.120022224469075,0.7746160060563912
3,0.12689610031679222,C,10.252148973607557,3.120269255180809,0.7746133656134112
3,0.17433288221999882,A,10.25101504675597,3.118367683278861,0.7746580926060606
3,0.17433288221999882,B,10.251911923617461,3.1197059650783276,0.7746200140991095
3,0.17433288221999882,C,10.252059263794619,3.1200442964438087,0.7746164989363572
3,0.2395026619987486,A,10.250647678998735,3.1174724173956827,0.7746745842152523
3,0.2395026619987486,B,10.251747115320274,3.119274023570752,0.7746253243164369
3,0.2395026619987486,C,10.25194025929552,3.1197368695329524,0.7746207058070651
3,0.32903445623126676,A,10.250272803410114,3.1162790614910776,0.7746942551859064
3,0.32903445623126676,B,10.251536732286741,3.1186853789887534,0.7746322526925723
3,0.32903445623126676,C,10.251784721901505,3.119317574008587,0.7746263019473335
3,0.4520353656360243,A,10.249996355824976,3.1147070555752463,0.7747157919690977
3,0.4520353656360243,B,10.251277601494996,3.1178855974217354,0.7746410868362517
3,0.4520353656360243,C,10.251585922857872,3.118747261854281,0.774633646966495
3,0.6210169418915616,A,10.250050691696321,3.112670734123172,0.7747353903892751
3,0.6210169418915616,B,10.25097709984365,3.116803443081402,0.7746519532054646
3,0.6210169418915616,C,10.251340562614633,3.1179744586822244,0.7746430978171207
3,0.8531678524172805,A,10.250904930067222,3.1100961528185436,0.7747443685524444
3,0.8531678524172805,B,10.250666646630705,3.115347542633958,0.7746645381687326
3,0.8531678524172805,C,10.251055013413772,3.1169327075051196,0.7746548933555879
3,1.1721022975334805,A,10.253453645138402,3.1069561112573334,0.7747250263526544
3,1.1721022975334805,B,10.25042742411467,3.1134041133596995,0.7746775400804212
3,1.1721022975334805,C,10.250757820070664,3.1155385042684633,0.7746689051286239
3,1.6102620275609392,A,10.259323269254725,3.1033349255214633,0.7746438540832115
3,1.6102620275609392,B,10.25043743432514,3.1108377668895306,0.7746876475243554
3,1.6102620275609392,C,10.250523577690101,3.1136912342566823,0.7746841400783933
3,2.212216291070448,A,10.27133706524052,3.099537142629583,0.7744411501754458
3,2.212216291070448,B,10.251053998878238,3.1074989953637875,0.7746877251826075
3,2.212216291070448,C,10.25051670051622,3.111277789767543,0.7746978036314021
3,3.039195382313198,A,10.29415845219107,3.096252818792566,0.7740165739668569
3,3.039195382313198,B,10.252951293018304,3.103244179616004,0.7746637634332412
3,3.039195382313198,C,10.2510683182296,3.1081865510170745,0.774703623774891
3,4.175318936560401,A,10.335071322382362,3.0947813674744475,0.7732115336521739
3,4.175318936560401,B,10.25733510550496,3.0979764424436964,0.77459008692975
3,4.175318936560401,C,10.25280479169009,3.1043381858091936,0.7746890159880536
3,5.736152510448681,A,10.404754021568754,3.097292966250809,0.7717916171836643
3,5.736152510448681,B,10.266248816467145,3.091717059106078,0.7744225005687283
3,5.736152510448681,C,10.256849035981897,3.0997437592021417,0.7746306054740897
3,7.880462815669913,A,10.517812545179195,3.107075349696613,0.7694343559894226
3,7.880462815669913,B,10.282952480946406,3.0847146428562775,0.7740897763366702
3,7.880462815669913,C,10.26510858145087,3.094602191494111,0.7744877855342759
3,10.82636733874054,A,10.692872334577478,3.128689007835359,0.7657268912201612
3,10.82636733874054,B,10.312289431647892,3.077589276975797,0.773485413543803
3,10.82636733874054,C,10.280634608111303,3.0894454761060226,0.7741946646476093
3,14.873521072935118,A,10.952260126942534,3.1679473425167006,0.7601729246465645
3,14.873521072935118,B,10.360865513303702,3.071490024240047,0.7724636337073565
3,14.873521072935118,C,10.307972590693721,3.085326181186186,0.7736522038709543
3,20.433597178569418,A,11.321562899236511,3.2316405731632973,0.7522026153622048
3,20.433597178569418,B,10.436830368155073,3.0682247761310735,0.7708443903079794
3,20.433597178569418,C,10.353339410240324,3.084015223598478,0.7727243076964809
3,28.072162039411758,A,11.829213470580937,3.326925917972186,0.7411822103750894
3,28.072162039411758,B,10.54920715174226,3.0703213938715637,0.7684286248624367
3,28.072162039411758,C,10.424426068000944,3.088147629981604,0.7712424609942122
3,38.56620421163472,A,12.50560183734468,3.4603741160501604,0.7264347681304918
3,38.56620421163472,B,10.707142532988652,3.0810160961920596,0.7650153561392496
3,38.56620421163472,C,10.529780824197097,3.1012458096974114,0.769019971765832
3,52.98316906283707,A,13.380718050008065,3.6368716090370636,0.7072940356277448
3,52.98316906283707,B,10.919913421805674,3.1042201826693647,0.7604016610823696
3,52.98316906283707,C,10.678170488806376,3.1275906760333902,0.7658667739619108
3,72.78953843983146,A,14.479808917154795,3.8587886873124218,0.683202157638598
3,72.78953843983146,B,11.198468909291664,3.1445243924514217,0.7543479754735092
3,72.78953843983146,C,10.878847964822503,3.171986327897053,0.7615835896033947
3,100.0,A,15.817773011631639,4.125710410342845,0.6538338185749201
3,100.0,B,11.558362410586128,3.2072146738552094,0.7465122083971186
3,100.0,C,11.14368240456682,3.239498067147772,0.7559134929170249
4,0.0,A_OLS,3.698646580388579,1.0858495275159867,0.9181575234733466
4,0.01,A,3.69879842616187,1.0869137134082874,0.9181580494888154
4,0.01,B,3.6986788788500293,1.0859653963097158,0.9181574132000838
4,0.01,C,3.6986747044631523,1.0859464938166836,0.9181573511467966
4,0.01373823795883263,A,3.6988598499330236,1.087311144039315,0.9181581385382991
4,0.01373823795883263,B,3.6986911235040987,1.0860087076954612,0.9181573680163515
4,0.01373823795883263,C,3.698685325046502,1.085982738477346,0.9181572842327436
4,0.018873918221350976,A,3.6989483350347276,1.0878567976988465,0.9181581662167234
4,0.018873918221350976,B,3.6987080967816675,1.086068207120608,0.9181573024318809
4,0.018873918221350976,C,3.6987000108010264,1.0860325290067923,0.9181571900941199
4,0.02592943797404667,A,3.699077579296528,1.0886057731578898,0.9181580268618003
4,0.02592943797404667,B,3.6987317002568383,1.086149943565905,0.9181572057135178
4,0.02592943797404667,C,3.6987203654363574,1.086100926276861,0.9181570565967702
4,0.035622478902624426,A,3.699269491284916,1.0896334855160532,0.9181575039100867
4,0.035622478902624426,B,3.6987646646362444,1.0862622250201737,0.9181570603712711
4,0.035622478902624426,C,3.698748666434567,1.086194880441154,0.9181568653412535
4,0.04893900918477494,A,3.6995598653726134,1.0910430036610483,0.9181561681791763
4,0.04893900918477494,B,3.6988109638042515,1.0864164609085396,0.9181568372167748
4,0.04893900918477494,C,3.698788182320224,1.0863239348574543,0.9181565877978576
4,0.06723357536499334,A,3.7000082829900114,1.0929748908834922,0.9181531893685408
4,0.06723357536499334,B,3.6988764746551164,1.0866283175480138,0.9181564864621612
4,0.06723357536499334,C,3.698843665765229,1.086501191024309,0.918156178663845
4,0.09236708571873861,A,3.7007153809184175,1.095620256401101,0.9181469920448959
4,0.09236708571873861,B,3.6989700531995098,1.086919301843997,0.9181559215540327
4,0.09236708571873861,C,3.6989221377826857,1.086744630128901,0.9181555642507545
4,0.12689610031679222,A,3.7018527551169407,1.0992377705477223,0.9181346393003669
4,0.12689610031679222,B,3.6991053275526626,1.087318929719507,0.9181549896591902
4,0.12689610031679222,C,3.699034163315658,1.087078920652058,0.9181546219117678
4,0.17433288221999882,A,3.703713979200965,1.1041752509629552,0.9181107540835111
4,0.17433288221999882,B,3.6993037408777196,1.0878676906005673,0.9181534176529003
4,0.17433288221999882,C,3.699195969544676,1.0875378861005316,0.9181531432516946
4,0.2395026619987486,A,3.706799556028229,1.1108958458840914,0.9180656882226131
4,0.2395026619987486,B,3.699599790180323,1.0886210906513762,0.9181507133241118
4,0.2395026619987486,C,3.6994330255318886,1.0881678644038055,0.9181507679754249
4,0.32903445623126676,A,3.711953380713375,1.1200073946076154,0.917982537355773
4,0.32903445623126676,B,3.7000501308342857,1.089655147051481,0.9181459853002181
4,0.32903445623126676,C,3.6997861703410293,1.0890322615208872,0.9181468647721441
4,0.4520353656360243,A,3.7205711525974365,1.1322906175249132,0.9178325273864102
4,0.4520353656360243,B,3.7007494599231157,1.0910738105455458,0.9181376171020286
4,0.4520353656360243,C,3.7003221833533475,1.0902176827875156,0.9181403174400252
4,0.6210169418915616,A,3.7348974950620084,1.1487168168926185,0.917568368056188
4,0.6210169418915616,B,3.7018581564463355,1.0930188987679348,0.918122683735915
4,0.6210169418915616,C,3.7011520387391217,1.0918421021799123,0.918129143795331
4,0.8531678524172805,A,3.7584125291315758,1.1704390602096353,0.9171155125540918
4,0.8531678524172805,B,3.703649911824171,1.095683185439401,0.918095924646089
4,0.8531678524172805,C,3.7024622366483158,1.0940655633391618,0.9181098256590813
4,1.1721022975334805,A,3.7962790252093725,1.1987350617690977,0.9163619111896455
4,1.1721022975334805,B,3.7065922961074085,1.099327209376282,0.9180479781425911
4,1.1721022975334805,C,3.7045677827473567,1.097103808128286,0.9180761549077301
4,1.6102620275609392,A,3.8557907050089484,1.2348814777182804,0.9151475267355049
4,1.6102620275609392,B,3.7114790416827175,1.1042999356517926,0.917962446384627
4,1.6102620275609392,C,3.707999493292468,1.1012448180229235,0.9180173050474558
4,2.212216291070448,A,3.9467570313113924,1.2799561656415697,0.9132550169466349
4,2.212216291070448,B,3.719637769516017,1.1110622576899862,0.9178112415128444
4,2.212216291070448,C,3.713642224105321,1.1068672121628715,0.9179147446951255
4,3.039195382313198,A,4.0817854473741,1.3346004346195106,0.9104024869001843
4,3.039195382313198,B,3.7332354583905127,1.1202099813786819,0.9175476861523707
4,3.039195382313198,C,3.7229410449439455,1.1144573321317408,0.9177375936260941
4,4.175318936560401,A,4.276406880450463,1.398820402268245,0.9062397020763134
4,4.175318936560401,B,3.7556856629378395,1.1324890385999646,0.9170972441444188
4,4.175318936560401,C,3.738182496645332,1.1246183544648745,0.9174362388324033
4,5.736152510448681,A,4.548812183783605,1.4719517113390446,0.900353363388545
4,5.736152510448681,B,3.792112736959268,1.148790812940742,0.9163468519152204
4,5.736152510448681,C,3.7628281046425585,1.1380605522536442,0.9169347016597655
4,7.880462815669913,A,4.918663880193686,1.552935714053804,0.8922940190561457
4,7.880462815669913,B,3.8497440663045723,1.1701121926936724,0.9151357308095849
4,7.880462815669913,C,3.801820913633244,1.155559851738132,0.9161235271933451
4,10.82636733874054,A,5.404425146197269,1.6410077460762886,0.8816375904283781
4,10.82636733874054,B,3.938009584609131,1.1974678850941807,0.9132526647341873
4,10.82636733874054,C,3.861715184198944,1.1778779146838643,0.9148565826678154
4,14.873521072935118,A,6.0194116222919405,1.7366945267365188,0.8680768183157588
4,14.873521072935118,B,4.068111512271189,1.2317553410207738,0.9104451602274694
4,14.873521072935118,C,3.9504412397241793,1.2056556628461557,0.9129560466736857
4,20.433597178569418,A,6.768110811281161,1.8426640016621187,0.8515071585756837
4,20.433597178569418,B,4.251997332156769,1.2735943584302465,0.9064421501210779
4,20.433597178569418,C,4.07658308906292,1.2393162353660832,0.9102284208102194
4,28.072162039411758,A,7.6449638578894525,1.9637528218291065,0.832056855455917
4,28.072162039411758,B,4.501049316074746,1.3231911049869325,0.900983384324585
4,28.072162039411758,C,4.2482571863902265,1.2790188276981624,0.9064896452572004
4,38.56620421163472,A,8.636741023751672,2.1058712829605573,0.8100354613986518
4,38.56620421163472,B,4.825184152073251,1.3803109315657551,0.8938400718919253
4,38.56620421163472,C,4.471985874481038,1.3246738123640844,0.9015904766285325
4,52.98316906283707,A,9.727801107422964,2.2744696999089613,0.7858170752827427
4,52.98316906283707,B,5.2330089666205755,1.4444749231733078,0.8848123242932026
4,52.98316906283707,C,4.752207946634841,1.3759896449553393,0.8954275994290519
4,72.78953843983146,A,10.906881014391479,2.473937178799981,0.7596884160302756
4,72.78953843983146,B,5.732921454117737,1.5154673480295613,0.8737059479837068
4,72.78953843983146,C,5.092033101332325,1.4325337689050472,0.8879266963148359
4,100.0,A,12.174594625969366,2.7086336055023876,0.7316783834700744
4,100.0,B,6.3339675636753965,1.5940856033060755,0.8603152905332279
4,100.0,C,5.49527899946389,1.4938618802398878,0.878996605172285
5,0.0,A_OLS,1.531310770851908,0.5881547106462415,0.9664715620639417
5,0.01,A,1.5313092980310703,0.5906380477466904,0.9664792478325535
5,0.01,B,1.5312889985287963,0.5885150274867157,0.9664732342039415
5,0.01,C,1.5313067059505667,0.5883448212956925,0.9664721909383583
5,0.01373823795883263,A,1.5313405318874291,0.5915637211379122,0.966481381114785
5,0.01373823795883263,B,1.5312827097241928,0.5886495474868499,0.9664738164081358
5,0.01373823795883263,C,1.5313053559591325,0.588415860027876,0.9664724220400134
5,0.018873918221350976,A,1.5314104793316017,0.5928330588456922,0.9664836820370759
5,0.018873918221350976,B,1.5312756826580285,0.5888341997483656,0.9664745788682396
5,0.018873918221350976,C,1.5313036512239304,0.5885134289054723,0.9664727360081153
5,0.02592943797404667,A,1.5315558499848634,0.5945724015739204,0.9664856945143772
5,0.02592943797404667,B,1.5312690268897673,0.5890875890356423,0.9664755568310891
5,0.02592943797404667,C,1.531301591286642,0.588647422686623,0.9664731607124534
5,0.035622478902624426,A,1.531844261297157,0.596953404054181,0.96648638996816
5,0.035622478902624426,B,1.5312654263559595,0.5894351564271731,0.9664767717977873
5,0.035622478902624426,C,1.5312992914005457,0.5888314148727132,0.9664737317154749
5,0.04893900918477494,A,1.532397546887726,0.6002082548484571,0.9664836766990688
5,0.04893900918477494,B,1.531270651861944,0.5899116327800612,0.9664782048945966
5,0.04893900918477494,C,1.53129712644089,0.5890840152099731,0.9664744927793677
5,0.06723357536499334,A,1.5334298499151489,0.6046490685919533,0.9664735805073722
5,0.06723357536499334,B,1.5312963066732095,0.5905643236349549,0.9664797446969569
5,0.06723357536499334,C,1.531296014545385,0.5894307192367892,0.966475494538835
5,0.09236708571873861,A,1.5353068330876147,0.6106917483650705,0.9664489504484504
5,0.09236708571873861,B,1.531364651342122,0.5914574678409922,0.9664810908626148
5,0.09236708571873861,C,1.5312979637886488,0.5899064205723406,0.9664767889774118
5,0.12689610031679222,A,1.5386320762001298,0.6188838307454411,0.9663975464842653
5,0.12689610031679222,B,1.531516758991307,0.5926779531836195,0.9664815856887392
5,0.12689610031679222,C,1.5313071066032748,0.5905588093673627,0.9664784151532295
5,0.17433288221999882,A,1.5443637991952093,0.629934352637754,0.9662994286112481
5,0.17433288221999882,B,1.531825640474061,0.5943427003519804,0.9664799366847211
5,0.17433288221999882,C,1.531331623936903,0.5914529439116494,0.9664803677041386
5,0.2395026619987486,A,1.55395915866877,0.6447415042889765,0.9661236977292225
5,0.2395026619987486,B,1.532416073302077,0.5966080307595747,0.9664737906392749
5,0.2395026619987486,C,1.531387261414915,0.5926773543473981,0.9664825329196962
5,0.32903445623126676,A,1.5695367764557013,0.6644110559239307,0.9658247885149113
5,0.32903445623126676,B,1.5334922144574499,0.599681309386499,0.9664591337185785
5,0.32903445623126676,C,1.5315036268399744,0.594352110262581,0.9664845660875873
5,0.4520353656360243,A,1.5940449992536534,0.6902563681761948,0.9653385931480406
5,0.4520353656360243,B,1.5353723624793332,0.6038351116939615,0.9664295300376715
5,0.4520353656360243,C,1.5317352019787023,0.5966393411777877,0.9664856667104335
5,0.6210169418915616,A,1.631424452714335,0.7237710554919704,0.9645786844820543
5,0.6210169418915616,B,1.538528243944819,0.6094241142954313,0.966375255357589
5,0.6210169418915616,C,1.532180042673133,0.5997567088241402,0.966484183947442
5,0.8531678524172805,A,1.6867512945512708,0.7665686585717739,0.963432970923382
5,0.8531678524172805,B,1.5436270411996569,0.6169047571938915,0.9662823628377796
5,0.8531678524172805,C,1.5330104210725417,0.6039942335641005,0.9664769543808027
5,1.1721022975334805,A,1.7663320719596445,0.8202850705417896,0.9617614643682041
5,1.1721022975334805,B,1.5515826210980717,0.6268570284705403,0.9661315300249255
5,1.1721022975334805,C,1.5345209253199763,0.6097345609183733,0.9664582435729573
5,1.6102620275609392,A,1.8776929927879813,0.8864288485472832,0.9593964357553192
5,1.6102620275609392,B,1.5636377387855434,0.6400055313078857,0.9658961863875442
5,1.6102620275609392,C,1.5372002366558966,0.6174759882394081,0.9664181440831072
5,2.212216291070448,A,2.0293842571483633,0.9661434385423564,0.9561466552841242
5,2.212216291070448,B,1.5815072805975785,0.657232493470785,0.9655392277527373
5,2.212216291070448,C,1.5418320587821452,0.6278559001627693,0.9663402963339237
5,3.039195382313198,A,2.230536748918188,1.0598485581165884,0.9518070016988854
5,3.039195382313198,B,1.6075906178620099,0.6795698338459198,0.9650081206808714
5,3.039195382313198,C,1.5496268769973016,0.6416689396852687,0.9661988824035006
5,4.175318936560401,A,2.49018167745386,1.1668039747828405,0.946173193983566
5,4.175318936560401,B,1.6452045777407842,0.7081556147599107,0.9642294949159199
5,4.175318936560401,C,1.5623759252202354,0.659868646821325,0.9659550766102016
5,5.736152510448681,A,2.816414396144615,1.284778964432874,0.9390601057702532
5,5.736152510448681,B,1.6987336689342363,0.7441474375269652,0.9631055964866262
5,5.736152510448681,C,1.5825959704768682,0.6835345657976872,0.9655536589704896
5,7.880462815669913,A,3.21544612128062,1.410111298655469,0.9303232544682528
5,7.880462815669913,B,1.7735903720668305,0.7885998884161044,0.9615150858739101
5,7.880462815669913,C,1.6135958137259334,0.7137845073416881,0.9649213683168332
5,10.82636733874054,A,3.6905076032895883,1.5383751987046137,0.9198848006760996
5,10.82636733874054,B,1.8759400783595566,0.8423249577529465,0.9593192462728914
5,10.82636733874054,C,1.6593624183063205,0.7516236575103469,0.9639693461733995
5,14.873521072935118,A,4.240772086224646,1.6656258732674354,0.9077602411906154
5,14.873521072935118,B,2.012256381306124,0.9057565637540663,0.9563720785308746
5,14.873521072935118,C,1.72419282073908,0.7977541014936484,0.9626014061371677
5,20.433597178569418,A,4.861094614985914,1.789876747228114,0.8940669631620194
5,20.433597178569418,B,2.188910800821931,0.9788374474334451,0.952529557582042
5,20.433597178569418,C,1.8121450273561635,0.8524070794567865,0.9607265188143662
5,28.072162039411758,A,5.543833274133735,1.9122948994352038,0.8789848571899368
5,28.072162039411758,B,2.4120845494167775,1.0609437454014707,0.947651447320277
5,28.072162039411758,C,1.926607467671154,0.9152740822754163,0.9582687003571941
5,38.56620421163472,A,6.283407234365821,2.0376926151036954,0.8626534451540507
5,38.56620421163472,B,2.688137166612757,1.1508611455573616,0.9415926559634373
5,38.56620421163472,C,2.0704028711641898,0.9855774353955877,0.9551647575676258
5,52.98316906283707,A,7.082566845486068,2.174170711663667,0.8450289458576584
5,52.98316906283707,B,3.024109572683969,1.2468452521360978,0.9341916537748837
5,52.98316906283707,C,2.246644615264029,1.0622495569067367,0.9513447791555146
5,72.78953843983146,A,7.957855147543772,2.332023138767574,0.8257592500263465
5,72.78953843983146,B,3.4276283277495403,1.3468548932165183,0.9252729064208689
5,72.78953843983146,C,2.460073942684396,1.144132691097983,0.9467014264097167
5,100.0,A,8.9416055242577,2.5221540469864356,0.8041376934796485
5,100.0,B,3.9057105380417583,1.4490818503782583,0.9146749601823654
5,100.0,C,2.718107201646834,1.2301214416652013,0.9410655842938113
6,0.01,A,0.5365301405771692,0.11512997767654477,0.9879821009799852
6,0.01,B,0.5357227956959236,0.11098744388695068,0.987988931785828
6,0.01,C,0.5357438593021071,0.11069003917670993,0.9879877285788083
6,0.01373823795883263,A,0.5370805847347357,0.11689156957205411,0.9879742804663249
6,0.01373823795883263,B,0.5357275436922954,0.11117564823511035,0.987989312645103
6,0.01373823795883263,C,0.5357495077445703,0.11076639768344361,0.9879878210584933
6,0.018873918221350976,A,0.5380198135074602,0.11932410240347886,0.9879592880893167
6,0.018873918221350976,B,0.5357408179927627,0.11143476387557898,0.9879896791633349
6,0.018873918221350976,C,0.5357580786278036,0.11087130741250445,0.9879879288909198
6,0.02592943797404667,A,0.5396060800949418,0.12267718155438985,0.9879318076509845
6,0.02592943797404667,B,0.5357714019979005,0.11179172289091295,0.9879898960562616
6,0.02592943797404667,C,0.5357713632221592,0.11101544398587353,0.9879880412461951
6,0.035622478902624426,A,0.5422421559666443,0.12728053158349187,0.9878833961888376
6,0.035622478902624426,B,0.5358357491580643,0.11228379998363745,0.9879896755847142
6,0.035622478902624426,C,0.5357924104220368,0.11121347090880473,0.9879881292910323
6,0.04893900918477494,A,0.546529002302613,0.13355442644248552,0.9878012922219858
6,0.04893900918477494,B,0.5359639347734859,0.1129625835155971,0.9879884488630788
6,0.04893900918477494,C,0.5358264701225349,0.11148552009607934,0.9879881282072821
6,0.06723357536499334,A,0.5533182424200489,0.14200800938781077,0.9876672448265801
6,0.06723357536499334,B,0.5362095314214117,0.11389935048637183,0.9879851494830427
6,0.06723357536499334,C,0.5358826381174104,0.1118592058404169,0.9879879041629124
6,0.09236708571873861,A,0.5637473483325175,0.15321767729080818,0.9874567181593724
6,0.09236708571873861,B,0.5366652232678786,0.11519211832854385,0.9879778684003995
6,0.09236708571873861,C,0.5359766756653117,0.11237233937715616,0.9879871955264916
6,0.12689610031679222,A,0.5792352925437643,0.16778244684207044,0.987138958082695
6,0.12689610031679222,B,0.5374859805025184,0.11697440467295088,0.9879633391011493
6,0.12689610031679222,C,0.5361357160976581,0.11307652830230394,0.9879855120204739
6,0.17433288221999882,A,0.6014162872577266,0.18626252287182357,0.9866784020477091
6,0.17433288221999882,B,0.5389206729347149,0.11942513186452408,0.9879362340347277
6,0.17433288221999882,C,0.5364058227262972,0.11404181432301302,0.9879819695083555
6,0.2395026619987486,A,0.6320040693960479,0.2091144418698717,0.9860375777609702
6,0.2395026619987486,B,0.5413504489634952,0.1227780703788729,0.9878883123393486
6,0.2395026619987486,C,0.5368634740049912,0.11536235763289893,0.9879750351781211
6,0.32903445623126676,A,0.6726152987599903,0.23663517294356895,0.9851808452217211
6,0.32903445623126676,B,0.5453277644130877,0.12732796922853182,0.9878075609438988
6,0.32903445623126676,C,0.537631705269436,0.11716280952945811,0.9879621653304731
6,0.4520353656360243,A,0.7246258299648677,0.2689242303727222,0.9840773752252673
6,0.4520353656360243,B,0.5516045368073936,0.1334300357374994,0.9876775937790052
6,0.4520353656360243,C,0.5389003812544062,0.11960430713762465,0.9879393462602511
6,0.6210169418915616,A,0.7891510227869576,0.30587835116471307,0.9827014312755908
6,0.6210169418915616,B,0.5611345448958392,0.14149121324764072,0.9874776453826867
6,0.6210169418915616,C,0.5409476396515126,0.12288796311384724,0.9879006043458427
6,0.8531678524172805,A,0.867199052383563,0.34724282988542954,0.9810289883478946
6,0.8531678524172805,B,0.5750391804781698,0.15195589134608575,0.9871833917967174
6,0.8531678524172805,C,0.5441565305067869,0.12725265850208423,0.9878376212103854
6,1.1721022975334805,A,0.9599629187959915,0.39273630605487836,0.9790315250449814
6,1.1721022975334805,B,0.5945415182045627,0.16529094548713874,0.986768450291267
6,1.1721022975334805,C,0.549019321791018,0.13296386411568728,0.9877396272361512
6,1.6102620275609392,A,1.0691509046282195,0.4422304475855453,0.9766691839807724
6,1.6102620275609392,B,0.6208965667366891,0.18196840090137695,0.9862058705104602
6,1.6102620275609392,C,0.5561245114888118,0.14029254890198697,0.9875936904576876
6,2.212216291070448,A,1.1972361872105608,0.49591575227278833,0.9738858177637539
6,2.212216291070448,B,0.6553554474133857,0.20243061481135974,0.9854687133436825
6,2.212216291070448,C,0.5661287489648854,0.14948847996750297,0.9873853555457492
6,3.039195382313198,A,1.3475267384836096,0.5543515318288633,0.970607936433377
6,3.039195382313198,B,0.699179829592048,0.22702128329104407,0.9845293603607213
6,3.039195382313198,C,0.5797238012689679,0.1607576476452117,0.9870994035889465
6,4.175318936560401,A,1.524045238871681,0.6183209714285195,0.9667475856737464
6,4.175318936560401,B,0.7536870248649506,0.25589224666511057,0.9833581170914047
6,4.175318936560401,C,0.5976121276234896,0.17425328260175477,0.9867204156948836
6,5.736152510448681,A,1.7314040202298386,0.6885084815482,0.9622048264592301
6,5.736152510448681,B,0.8203018912771247,0.28893564710472114,0.9819218563413564
6,5.736152510448681,C,0.6205028081557108,0.1900811965626099,0.9862328518615341
6,7.880462815669913,A,1.9750495417199314,0.7651409309499903,0.9568613306123235
6,7.880462815669913,B,0.9006309687014762,0.32580221392760933,0.9801825337492245
6,7.880462815669913,C,0.6491374602058958,0.2083104965504522,0.985620401641607
6,10.82636733874054,A,2.2621599806860235,0.8477890000818281,0.9505588908774703
6,10.82636733874054,B,0.996602226804127,0.3660263679508602,0.978094603694417
6,10.82636733874054,C,0.6843581091234059,0.2289823459408078,0.9848643347361117
6,14.873521072935118,A,2.602960481814629,0.9354640685563469,0.943068639228209
6,14.873521072935118,B,1.1106791479608318,0.40921161333998823,0.9756009154858086
6,14.873521072935118,C,0.7272337703983773,0.2521222638827573,0.9839405217525604
6,20.433597178569418,A,3.0115500614698587,1.0270508207239706,0.9340720734880176
6,20.433597178569418,B,1.2460924179763997,0.45518523641582165,0.9726280165571246
6,20.433597178569418,C,0.7792576167038654,0.27776856707763115,0.9828149451280662
6,28.072162039411758,A,3.5051439917080627,1.1220783534418877,0.9231791872032605
6,28.072162039411758,B,1.4070093056097426,0.5040396297062653,0.9690823778897466
6,28.072162039411758,C,0.8425935676381956,0.30601717411582435,0.9814382496843408
6,38.56620421163472,A,4.101421173167527,1.2217786332722582,0.9099907933080184
6,38.56620421163472,B,1.5985892594752162,0.5560279453524577,0.9648486293258889
6,38.56620421163472,C,0.9202867348135175,0.33706039285043055,0.9797412638474388
6,52.98316906283707,A,4.815167441342102,1.3301448299645915,0.8941775265193277
6,52.98316906283707,B,1.8269124447050402,0.611344757321335,0.9597902632229101
6,52.98316906283707,C,1.016295166374038,0.37118890937431526,0.9776346265976782
6,72.78953843983146,A,5.65646494150799,1.454368822272007,0.8755236700404522
6,72.78953843983146,B,2.0988362726229646,0.6698799424921857,0.9537518824940004
6,72.78953843983146,C,1.135214188090112,0.40874341316782,0.9750152863928744
6,100.0,A,6.632165245466686,1.604109205485116,0.8538958491560301
6,100.0,B,2.4219843818119364,0.7310791243237023,0.9465587887993256
6,100.0,C,1.281666830171123,0.4500286727798678,0.9717803122760362
7,0.01,A,0.3555530488577305,0.073665053925971,0.9920810654841852
7,0.01,B,0.3548030174260833,0.0678171819253998,0.992086570340509
7,0.01,C,0.35532013668634005,0.06747996941653686,0.9920741586554247
7,0.01373823795883263,A,0.3564900310990953,0.07599456005053733,0.9920641954216075
7,0.01373823795883263,B,0.3546718504862429,0.06801190913067996,0.9920899444013422
7,0.01373823795883263,C,0.3553002776755572,0.06755120197232718,0.9920747793198847
7,0.018873918221350976,A,0.3581521442444677,0.07912556542825243,0.9920322569149823
7,0.018873918221350976,B,0.3545434973121623,0.06827815948275445,0.9920933847856072
7,0.018873918221350976,C,0.35527580870694647,0.06764924467752559,0.9920755663811139
7,0.02592943797404667,A,0.36089000491627,0.08328697066932113,0.9919776423138329
7,0.02592943797404667,B,0.3544425256130027,0.06864253937050717,0.9920963727096878
7,0.02592943797404667,C,0.3552472860280161,0.06778426792366919,0.9920765288450243
7,0.035622478902624426,A,0.36515830426203044,0.08873988926156219,0.9918904280060887
7,0.035622478902624426,B,0.35440825495882,0.06914234992829407,0.9920980655542486
7,0.035622478902624426,C,0.3552171880115722,0.06797035597329396,0.9920776390291806
7,0.04893900918477494,A,0.37152727134747265,0.09576596518266409,0.9917581141576838
7,0.04893900918477494,B,0.35450014367197713,0.06983043949084838,0.9920971781131275
7,0.04893900918477494,C,0.35519174614662957,0.06822704139946165,0.9920787927763121
7,0.06723357536499334,A,0.3806891450590816,0.1046510309335979,0.9915654872071377
7,0.06723357536499334,B,0.3548059986181723,0.07078185647437729,0.9920918004837922
7,0.06723357536499334,C,0.35518396631016735,0.06858143802256297,0.992079742823216
7,0.09236708571873861,A,0.3934522899398536,0.11566631166058415,0.991294774112357
7,0.09236708571873861,B,0.355453881998517,0.07210190610090479,0.9920791321298376
7,0.09236708571873861,C,0.35521827544731643,0.0690711683196775,0.9920799953156358
7,0.12689610031679222,A,0.4107094520350416,0.12904886002579774,0.9909263861278099
7,0.12689610031679222,B,0.3566263302668605,0.07393403585549291,0.9920551629959526
7,0.12689610031679222,C,0.3553371134684561,0.06974827026817074,0.9920786620076649
7,0.17433288221999882,A,0.43336340234351506,0.14498152149255844,0.9904406114773099
7,0.17433288221999882,B,0.3585727440467248,0.07646442856076636,0.9920143962200042
7,0.17433288221999882,C,0.3556094383354674,0.07068411970151375,0.9920742685520242
7,0.2395026619987486,A,0.4622006478782545,0.16357314340203033,0.9898204446079392
7,0.2395026619987486,B,0.3616151565094451,0.07991901887481845,0.9919497239610845
7,0.2395026619987486,C,0.3561405056015255,0.07197492858878432,0.9920645327563424
7,0.32903445623126676,A,0.4977303820518954,0.18484573731017823,0.9890551578408846
7,0.32903445623126676,B,0.3661454450243299,0.08454956938080348,0.9918525055862762
7,0.32903445623126676,C,0.3570814613195568,0.07374630981732506,0.9920461446792972
7,0.4520353656360243,A,0.54005060234509,0.20874629526402788,0.9881432480802239
7,0.4520353656360243,B,0.37261699276000937,0.0906102467319449,0.9917127865075933
7,0.4520353656360243,C,0.35863619974906374,0.07615364779557939,0.9920146042514316
7,0.6210169418915616,A,0.5888421951081646,0.23520636246928822,0.9870925455854449
7,0.6210169418915616,B,0.3815373643979772,0.09833350646975933,0.9915195119977345
7,0.6210169418915616,C,0.3610615177393112,0.07937337320639463,0.9919642044008421
7,0.8531678524172805,A,0.6435833639491733,0.2642581740946373,0.9859154483375085
7,0.8531678524172805,B,0.39346709242367583,0.10791749207162174,0.9912606129155627
7,0.8531678524172805,C,0.3646556625535665,0.0835810874997969,0.9918882719617349
7,1.1721022975334805,A,0.7040035380794212,0.29618362299102124,0.9846188354416523
7,1.1721022975334805,B,0.409022038931654,0.11953033743090735,0.9909229964219867
7,1.1721022975334805,C,0.36973253113758753,0.08891866874480349,0.9917797364271653
7,1.6102620275609392,A,0.7706955247118737,0.3316448974927291,0.9831904183471787
7,1.6102620275609392,B,0.42886703709072355,0.13332301939853317,0.9904926820416925
7,1.6102620275609392,C,0.3765864750112177,0.09546289723479706,0.9916319289693794
7,2.212216291070448,A,0.8457392615690106,0.37174560796341977,0.9815847628269548
7,2.212216291070448,B,0.4536846645539211,0.14943379188254438,0.989955414092673
7,2.212216291070448,C,0.3854629671346147,0.1032141458917807,0.9914392803017671
7,3.039195382313198,A,0.9331888734494065,0.41799561787364403,0.9797123009594515
7,3.039195382313198,B,0.4841131301862266,0.16797355309624232,0.9892978837744248
7,3.039195382313198,C,0.39655315308896905,0.11211559565584582,0.9911975111145876
7,4.175318936560401,A,1.0393195029879114,0.4721781458199558,0.9774336822414573
7,4.175318936560401,B,0.5206762500179132,0.18900205326798344,0.9885090935600669
7,4.175318936560401,C,0.41001657892423393,0.12209409914284079,0.9909031994931053
7,5.736152510448681,A,1.1725890501409788,0.5361235441909132,0.9745604710858619
7,5.736152510448681,B,0.563769592680416,0.212526368370761,0.9875805151579276
7,5.736152510448681,C,0.4260125201089388,0.1330997279571334,0.9905531331785602
7,7.880462815669913,A,1.3433206410532175,0.6113864439028558,0.9708619973216521
7,7.880462815669913,B,0.6137908996379723,0.23855391708769833,0.9865031401550395
7,7.880462815669913,C,0.44471073987087617,0.14512520055965045,0.9901440719811399
7,10.82636733874054,A,1.5631421722753653,0.6988430608484012,0.9660774848714044
7,10.82636733874054,B,0.6714705616206748,0.26720021365849783,0.9852601670644541
7,10.82636733874054,C,0.46627693677989124,0.1582045361549061,0.989673017543652
7,14.873521072935118,A,1.8442109763257455,0.7983143034793442,0.9599329579654367
7,14.873521072935118,B,0.7383601711063379,0.29880449785572444,0.9838161738420041
7,14.873521072935118,C,0.49087087060518,0.172406601136303,0.9891371599978939
7,20.433597178569418,A,2.1981949938358287,0.9084443672301846,0.952164034515347
7,20.433597178569418,B,0.8173219396688225,0.33398400690268415,0.9821062025166798
7,20.433597178569418,C,0.5187119230530459,0.1878421142023972,0.9885323166974608
7,28.072162039411758,A,2.6349700443988873,1.0270978272002906,0.9425461671743147
7,28.072162039411758,B,0.9128128004615153,0.37358203191659545,0.9800293610362824
7,28.072162039411758,C,0.5502350891580697,0.2046928585245281,0.9878493821152065
7,38.56620421163472,A,3.1612626764118663,1.1523698584255369,0.9309274646384254
7,38.56620421163472,B,1.0308380433061228,0.4185182731915104,0.9774497991235153
7,38.56620421163472,C,0.586306081900587,0.22325742685308111,0.9870694889935272
7,52.98316906283707,A,3.780116127569882,1.2839790375925866,0.9172437382719958
7,52.98316906283707,B,1.1786482618849126,0.46959578192631896,0.9742034202945865
7,52.98316906283707,C,0.6284253677042477,0.24399557011245399,0.9861594188925185
7,72.78953843983146,A,4.492573102917349,1.4245357601894548,0.901483018760598
7,72.78953843983146,B,1.3644512110184146,0.5273352601674154,0.9701041638152084
7,72.78953843983146,C,0.6788360617230678,0.2675452696605876,0.9850691413842106
7,100.0,A,5.30238957625709,1.580150482122388,0.8835800132550574
7,100.0,B,1.5974115686252692,0.5918989281639977,0.9649436785137645
7,100.0,C,0.7404525979602918,0.2946840206006228,0.9837333694040445
8,0.01,A,0.2720565336522431,0.035910159269342046,0.9938759610759862
8,0.01,B,0.2772440275204933,0.0338118665885562,0.9937641028259898
8,0.01,C,0.28102456998335507,0.033992679166958424,0.9936816778034702
8,0.01373823795883263,A,0.27272881769490637,0.03735743289162685,0.9938648834612099
8,0.01373823795883263,B,0.2762342384541454,0.033767206961224726,0.9937857496567881
8,0.01373823795883263,C,0.280745603185895,0.033935164457856985,0.9936875192260907
8,0.018873918221350976,A,0.27411749077220204,0.03922325998064275,0.9938392513203785
8,0.018873918221350976,B,0.2751701401364146,0.03374481338886368,0.9938084643196705
8,0.018873918221350976,C,0.28038658104177094,0.033864935516673696,0.9936950347495973
8,0.02592943797404667,A,0.2763280249853958,0.041524257178542356,0.9937965084817305
8,0.02592943797404667,B,0.27411585763236734,0.03376465538276062,0.9938308733664446
8,0.02592943797404667,C,0.27993413854419913,0.03378284971154007,0.9937045021656516
8,0.035622478902624426,A,0.27946221384529074,0.04424883063956382,0.9937340455471126
8,0.035622478902624426,B,0.27315123287695675,0.033855670850354104,0.9938513130626448
8,0.035622478902624426,C,0.27937892962764077,0.03369269516203939,0.9937161140345043
8,0.04893900918477494,A,0.2836247945010856,0.04736901298754561,0.9936491290878802
8,0.04893900918477494,B,0.2723653070432469,0.0340566490227724,0.993867984536754
8,0.04893900918477494,C,0.27871975765975104,0.033602602993671536,0.9937298912135498
8,0.06723357536499334,A,0.28893735079981064,0.05086739973282238,0.9935386854195507
8,0.06723357536499334,B,0.2718499534022766,0.034414491696553896,0.9938790860625705
8,0.06723357536499334,C,0.2779680915496268,0.03352629042787662,0.9937455890833808
8,0.09236708571873861,A,0.295558772751625,0.054771752486679696,0.9933989262271915
8,0.09236708571873861,B,0.2716962846933777,0.03497963494206027,0.9938828570511354
8,0.09236708571873861,C,0.27715154425734284,0.033483653065730826,0.9937626271604747
8,0.12689610031679222,A,0.30370788921864433,0.05918711679019778,0.9932248965756673
8,0.12689610031679222,B,0.2719943140048137,0.03580039818701358,0.9938775272980711
8,0.12689610031679222,C,0.2763144697492854,0.03350023449007712,0.9937800818384173
8,0.17433288221999882,A,0.3136844542310911,0.06431750877074324,0.9930100350334319
8,0.17433288221999882,B,0.27283379641249755,0.03691885324902632,0.9938612353728044
8,0.17433288221999882,C,0.27551424659868157,0.03360524959251111,0.9937967727612067
8,0.2395026619987486,A,0.32588810831052684,0.07047291703602117,0.992745772838526
8,0.2395026619987486,B,0.27430388042354575,0.03836942312334998,0.993831994058658
8,0.2395026619987486,C,0.2748133626823329,0.03382810932230437,0.9938114384554225
8,0.32903445623126676,A,0.3408360820953238,0.07805991216995825,0.9924211679855569
8,0.32903445623126676,B,0.2764921169586703,0.040179594005436796,0.9937877101576322
8,0.32903445623126676,C,0.2742698102469564,0.034193952181841215,0.9938229421970182
8,0.4520353656360243,A,0.3591790591595208,0.08755642393522109,0.9920225773738471
8,0.4520353656360243,B,0.2794876123556712,0.04237252242024016,0.9937261540808138
8,0.4520353656360243,C,0.2739304078203648,0.03471959565910966,0.9938304011676152
8,0.6210169418915616,A,0.38171720889720256,0.09947525129915222,0.9915332840744867
8,0.6210169418915616,B,0.28339508595986096,0.0449737929197601,0.9936447118480501
8,0.6210169418915616,C,0.2738316480608665,0.035411883876666245,0.9938331344707727
8,0.8531678524172805,A,0.4094268185611444,0.11432516171274947,0.990932795527905
8,0.8531678524172805,B,0.28836332927110997,0.04802583084076252,0.9935398172114855
8,0.8531678524172805,C,0.2740093513082522,0.03626950935843066,0.9938304061372291
8,1.1721022975334805,A,0.4435147872598016,0.13257933434598104,0.9901954023556858
8,1.1721022975334805,B,0.2946236696500404,0.051610486377579354,0.9934061448235614
8,1.1721022975334805,C,0.2745133332304469,0.03728711592689933,0.9938210607141041
8,1.6102620275609392,A,0.4855178143870541,0.15465986490486025,0.9892876703145411
8,1.6102620275609392,B,0.30252691583479757,0.0558736160673204,0.9932358188099615
8,1.6102620275609392,C,0.27542042989215404,0.038458894653831815,0.9938032182104971
8,2.212216291070448,A,0.5374563174169762,0.18094899548789894,0.9881647700846361
8,2.212216291070448,B,0.31256676835306163,0.061039704135626614,0.9930179130141081
8,2.212216291070448,C,0.2768410984803485,0.0397803740186174,0.9937741514989076
8,3.039195382313198,A,0.6020379713288049,0.21183833733772697,0.9867659046760947
8,3.039195382313198,B,0.32538460241398137,0.06740587223955478,0.9927383650181986
8,3.039195382313198,C,0.27891973483210347,0.04125156030256899,0.99373034806928
8,4.175318936560401,A,0.6828772118789833,0.2478133189543705,0.9850096502133173
8,4.175318936560401,B,0.34176222431483977,0.07531536796185825,0.9923801525403555
8,4.175318936560401,C,0.2818328110727143,0.042887931729730024,0.9936676491924651
8,5.736152510448681,A,0.7846620822400785,0.2895377687345047,0.9827906651448917
8,5.736152510448681,B,0.362623879714185,0.08512371639383046,0.9919232298678304
8,5.736152510448681,C,0.28578941231740923,0.044743039646896014,0.9935813273700973
8,7.880462815669913,A,0.9131872836627657,0.33787002827675633,0.9799793745137322
8,7.880462815669913,B,0.3890811491428578,0.09717337607177924,0.9913434247151228
8,7.880462815669913,C,0.29103636310650727,0.046937061507762154,0.9934660087807691
8,10.82636733874054,A,1.0752263933557253,0.3937398465915997,0.9764249702837761
8,10.82636733874054,B,0.42254934969466396,0.11178207163099321,0.9906096163185838
8,10.82636733874054,C,0.2978676825769254,0.04967453446694187,0.993315419585248
8,14.873521072935118,A,1.2783583485957233,0.4578770594051731,0.9719589518688412
8,14.873521072935118,B,0.4649289077110305,0.1292385625082326,0.9896793641862933
8,14.873521072935118,C,0.30663821274007785,0.053229838730694694,0.9931219692164145
8,20.433597178569418,A,1.5310129377776593,0.5305045655731049,0.9663933084513359
8,20.433597178569418,B,0.5187943475922985,0.14979824361979846,0.9884943908612586
8,20.433597178569418,C,0.31778418464402247,0.05789105093515552,0.992876154579227
8,28.072162039411758,A,1.8429514941083809,0.6112152663722473,0.959508903481294
8,28.072162039411758,B,0.5875096801513924,0.17367547893685406,0.986977905933443
8,28.072162039411758,C,0.3318564848850409,0.06388442358038599,0.9925657174047544
8,38.56620421163472,A,2.226012608748114,0.6992480965230871,0.9510386125878008
8,38.56620421163472,B,0.675225296505698,0.20103051256600443,0.9850348643678721
8,38.56620421163472,C,0.3495708287605798,0.07132886510705135,0.992174507110677
8,52.98316906283707,A,2.6944750141761475,0.7942429197958354,0.9406604565911785
8,52.98316906283707,B,0.7867945001301607,0.23194753039922456,0.9825541963742065
8,52.98316906283707,C,0.37186909571586707,0.08025534159748603,0.9916811834465811
8,72.78953843983146,A,3.2644389944370475,0.8973491556007097,0.928014299271626
8,72.78953843983146,B,0.9277203755093998,0.2664093785692262,0.9794102494816336
8,72.78953843983146,C,0.3999688672284955,0.09067608536879586,0.9910582279806782
8,100.0,A,3.9525291025721145,1.0123450170225292,0.9127345485891698
8,100.0,B,1.1042443790100291,0.30429509555389955,0.9754606863152612
8,100.0,C,0.4353624034579669,0.10265290299263773,0.9902720567263834
9,0.01,A,0.27132066680333095,0.028748444645493507,0.9938909318969558
9,0.01,B,0.2834387289636887,0.026654337606605426,0.993617199375608
9,0.01,C,0.29771653337916393,0.031907811031273214,0.993308769060475
9,0.01373823795883263,A,0.27088793831294794,0.030302510275842638,0.9939045240283727
9,0.01373823795883263,B,0.28122611019685395,0.026233142851408108,0.9936658541042709
9,0.01373823795883263,C,0.29657467938214216,0.0312111591842026,0.9933323371361091
9,0.018873918221350976,A,0.2708167493800137,0.03208308956069321,0.9939109903909724
9,0.018873918221350976,B,0.27908959177459775,0.025959303010855413,0.993712982818362
9,0.018873918221350976,C,0.29523515986758025,0.030433406305294702,0.9933601309100611
9,0.02592943797404667,A,0.2711363615197845,0.03405048720092028,0.9939095862878247
9,0.02592943797404667,B,0.2770954953419861,0.025861776507530937,0.9937571524409607
9,0.02592943797404667,C,0.2937121712004228,0.029603577912043138,0.9933919254351729
9,0.035622478902624426,A,0.271892554042919,0.036171662831349066,0.9938991352874295
9,0.035622478902624426,B,0.2752966311740471,0.025967153673615722,0.9937972588115243
9,0.035622478902624426,C,0.29203744387161223,0.028760478625531227,0.9934271234488525
9,0.04893900918477494,A,0.2731584577490311,0.03843250184819866,0.9938777999497879
9,0.04893900918477494,B,0.27372344741160476,0.026294730802478666,0.9938327166548733
9,0.04893900918477494,C,0.29026010730748164,0.027947105438178837,0.9934647377043525
9,0.06723357536499334,A,0.2750484418315522,0.040852877869730714,0.9938427924343941
9,0.06723357536499334,B,0.2723824783718124,0.026853589446139036,0.9938634800000269
9,0.06723357536499334,C,0.28844453260378666,0.027204500040514917,0.9935034207656177
9,0.09236708571873861,A,0.2777302502367729,0.043502534408736845,0.9937901367411005
9,0.09236708571873861,B,0.27126467339359767,0.027642023481774764,0.9938898373719907
9,0.09236708571873861,C,0.28666537396923203,0.02656771678236829,0.9935415689887798
9,0.12689610031679222,A,0.2814335529301267,0.04651619922181054,0.9937145267279608
9,0.12689610031679222,B,0.27036084730339965,0.028647653201789292,0.9939120474537866
9,0.12689610031679222,C,0.28499852401375997,0.026065498867626203,0.9935775323119179
9,0.17433288221999882,A,0.2864599021732109,0.05010556867020515,0.9936091644091609
9,0.17433288221999882,B,0.26967782702368526,0.029847670380348575,0.993929964274562
9,0.17433288221999882,C,0.2835077714148732,0.025723110802827753,0.9936099286593791
9,0.2395026619987486,A,0.2932008952796372,0.0545625828379143,0.9934654144024299
9,0.2395026619987486,B,0.2692495773725391,0.03121115148968698,0.9939427839827715
9,0.2395026619987486,C,0.28222987351193,0.025565598773583928,0.9936379905264239
9,0.32903445623126676,A,0.30216353046872435,0.0602461341395415,0.9932722829812464
9,0.32903445623126676,B,0.26914212633843376,0.03270590909174565,0.9939489390672198
9,0.32903445623126676,C,0.28116389726647206,0.025617728456012998,0.9936618015009575
9,0.4520353656360243,A,0.3139904285597945,0.0675485073464487,0.9930159868876526
9,0.4520353656360243,B,0.2694560727716903,0.0343101669385985,0.9939460492794021
9,0.4520353656360243,C,0.2802713990415315,0.02589825082150277,0.9936822719591522
9,0.6210169418915616,A,0.3294582795194011,0.07684906108458135,0.9926799756703751
9,0.6210169418915616,B,0.2703316416612848,0.03602687003406188,0.9939308121617707
9,0.6210169418915616,C,0.279490577719658,0.02641015250200098,0.9937007915661713
9,0.8531678524172805,A,0.3494455925326066,0.08847326809651553,0.992245599030386
9,0.8531678524172805,B,0.27195727520519297,0.03789823407381308,0.9938988138608684
9,0.8531678524172805,C,0.27876105462376916,0.02713263834048921,0.9937186488604149
9,1.1721022975334805,A,0.37487990254347825,0.10267707211676891,0.9916931950013381
9,1.1721022975334805,B,0.2745774809826864,0.04001965660317512,0.9938443694348118
9,1.1721022975334805,C,0.27805043018924086,0.028020775813163628,0.9937364285491768
9,1.6102620275609392,A,0.40670342674762433,0.11967117026677801,0.9910027566879622
9,1.6102620275609392,B,0.2784953803873826,0.0425520577864958,0.9937605096114905
9,1.6102620275609392,C,0.2773732119427822,0.029014143763671885,0.9937535996772155
9,2.212216291070448,A,0.4459272206346707,0.1396926123085539,0.9901526615153896
9,2.212216291070448,B,0.28407198007220075,0.045728207143483655,0.9936390716378206
9,2.212216291070448,C,0.2767975240501088,0.030050699247269684,0.9937683930555206
9,3.039195382313198,A,0.49385263256935213,0.16311886630345424,0.9891147322400757
9,3.039195382313198,B,0.2917316492332383,0.04984490124059891,0.9934706651974672
9,3.039195382313198,C,0.27644170378387994,0.031080833058357134,0.9937779161186955
9,4.175318936560401,A,0.5524940775812947,0.1905983885964269,0.98784484382087
9,4.175318936560401,B,0.3019830141207399,0.0552355060446476,0.9932442743361385
9,4.175318936560401,C,0.27646704968615493,0.032078921432421866,0.9937783600305261
9,5.736152510448681,A,0.6251396228687703,0.2231523001838933,0.9862704282526806
9,5.736152510448681,B,0.3154550512814889,0.062227969681873684,0.9929464630351793
9,5.736152510448681,C,0.27707283398387467,0.033052578134363755,0.9937651512723373
9,7.880462815669913,A,0.716891107283449,0.26219965548975455,0.9842783563382731
9,7.880462815669913,B,0.3329385694393351,0.071103466064109,0.99256037590824
9,7.880462815669913,C,0.27849702988771313,0.03405167612069494,0.9937329526231308
9,10.82636733874054,A,0.8350047687029452,0.3094726633756167,0.9817071654615482
9,10.82636733874054,B,0.35542423967577635,0.0820709705142042,0.9920647260201967
9,10.82636733874054,C,0.2810238756944157,0.03517963701013096,0.9936754736669144
9,14.873521072935118,A,0.9889218608491521,0.36680562754664375,0.9783460709124346
9,14.873521072935118,B,0.3841425324342994,0.09526618044453035,0.9914326771804163
9,14.873521072935118,C,0.28499824035916155,0.036607407082744514,0.9935850942048623
9,20.433597178569418,A,1.1899737731359992,0.4358120776963392,0.973941098950083
9,20.433597178569418,B,0.42063327695576574,0.11077805219243787,0.9906300579204806
9,20.433597178569418,C,0.2908453496551874,0.03858544309807983,0.9934523589652609
9,28.072162039411758,A,1.4507848946191924,0.5175405766876917,0.9682079916516289
9,28.072162039411758,B,0.4668909055275484,0.1287019722665242,0.9896119357796305
9,28.072162039411758,C,0.29909095788787166,0.04144313326354468,0.9932654947292804
9,38.56620421163472,A,1.784367013550104,0.6123067973949908,0.9608525258238501
9,38.56620421163472,B,0.5256211647708806,0.14920838695423952,0.9883167756359166
9,38.56620421163472,C,0.31037080899352204,0.04556274338406887,0.9930102343723778
9,52.98316906283707,A,2.2029298413561063,0.7199320336373201,0.9515983856870281
9,52.98316906283707,B,0.6005859330709601,0.1726019517238144,0.9866586866307916
9,52.98316906283707,C,0.3254109905380994,0.05132127362322734,0.9926703638605717
9,72.78953843983146,A,2.716738469336113,0.8404750804795088,0.9402154666961877
9,72.78953843983146,B,0.6969364894103353,0.19934267235819347,0.9845199526009966
9,72.78953843983146,C,0.34495922098767784,0.05901130076418593,0.9922294008790671
9,100.0,A,3.3339318739198633,0.9752823240828669,0.9265273977199675
9,100.0,B,0.8214296409325753,0.23001920174301047,0.9817461724092599
9,100.0,C,0.3696632095777713,0.06877155555274216,0.9916734238470537
10,0.01,A,0.2693475415832895,0.02797787582165609,0.9939305513240072
10,0.01,B,0.3017547827332646,0.02718503172666447,0.9931559586686423
10,0.01,C,0.3586223951990204,0.0596364909554008,0.9918838957920135
10,0.01373823795883263,A,0.2668424340974706,0.028772800186299498,0.9939896644500307
10,0.01373823795883263,B,0.296517464610526,0.025726662283292127,0.9932800579126845
10,0.01373823795883263,C,0.35174001173787117,0.055358884426967805,0.9920314267263681
10,0.018873918221350976,A,0.264534668214715,0.029563340633681132,0.9940441158558349
10,0.018873918221350976,B,0.2916380519389289,0.02496148945269189,0.9933963701025179
10,0.018873918221350976,C,0.3447801288446787,0.05098374989444156,0.992182327828098
10,0.02592943797404667,A,0.26244879972325197,0.03037927282689613,0.9940936047640703
10,0.02592943797404667,B,0.2871323581380778,0.0247981903512941,0.9935042698877803
10,0.02592943797404667,C,0.3379415327865346,0.04655689362161058,0.9923323547197803
10,0.035622478902624426,A,0.2606330052264235,0.03125775463055685,0.9941373327635787
10,0.035622478902624426,B,0.28300606149994134,0.025104280419450283,0.993603421607205
10,0.035622478902624426,C,0.3314030838788445,0.04217154473478133,0.9924774963062912
10,0.04893900918477494,A,0.259161853178956,0.0322297607270887,0.9941738838900939
10,0.04893900918477494,B,0.2792449927906797,0.025736933083281118,0.9936939793020537
10,0.04893900918477494,C,0.3253110356518921,0.03797330182383752,0.9926143159478024
10,0.06723357536499334,A,0.258140749235653,0.03331160419997564,0.9942010651478815
10,0.06723357536499334,B,0.27581382540436467,0.026561333543117172,0.9937766000272882
10,0.06723357536499334,C,0.3197668101184418,0.03413872169461746,0.9927403019021266
10,0.09236708571873861,A,0.2577083005600757,0.03450496391188102,0.9942158098080522
10,0.09236708571873861,B,0.2726657906521243,0.027460544523230733,0.9938522223020618
10,0.09236708571873861,C,0.3148158322919494,0.03083909101331497,0.9928541804436358
10,0.12689610031679222,A,0.25803636414600023,0.035805488943048504,0.9942141631639136
10,0.12689610031679222,B,0.2697584494251716,0.028343518135257508,0.9939217245458277
10,0.12689610031679222,C,0.31044132196915913,0.028206334517738556,0.9929560882966053
10,0.17433288221999882,A,0.2593325002316507,0.03721795100205795,0.994191251822168
10,0.17433288221999882,B,0.2670669546668273,0.029152692451327417,0.9939856488345358
10,0.17433288221999882,C,0.3065682073714119,0.026312965170751042,0.993047491198638
10,0.2395026619987486,A,0.26185012629348453,0.03877712312174952,0.994141115399746
10,0.2395026619987486,B,0.26458946991435084,0.029868108042780225,0.9940440961515128
10,0.2395026619987486,C,0.3030800618412538,0.02516721125514085,0.9931307959913835
10,0.32903445623126676,A,0.265906573561623,0.04057608897790705,0.9940563849821087
10,0.32903445623126676,B,0.2623463082378649,0.030504611188687386,0.9940967459696438
10,0.32903445623126676,C,0.2998467253480964,0.024717517045506832,0.9932087199079588
10,0.4520353656360243,A,0.27190386164474367,0.0428017497741241,0.9939279093443505
10,0.4520353656360243,B,0.26037892589540573,0.031101414236426764,0.9941428586573752
10,0.4520353656360243,C,0.2967545514959104,0.024862068634831723,0.9932836021941578
10,0.6210169418915616,A,0.28034731900742893,0.04576687387960491,0.9937444234841882
10,0.6210169418915616,B,0.25875364968311054,0.03170678083111633,0.9941811568405224
10,0.6210169418915616,C,0.2937285175235977,0.025461644666185324,0.9933568999279567
10,0.8531678524172805,A,0.29186239113203494,0.04991432006626284,0.9934922370996127
10,0.8531678524172805,B,0.25756995119693304,0.03236325649337669,0.9942096009658693
10,0.8531678524172805,C,0.29073840875948254,0.026352853795942117,0.9934290457109565
10,1.1721022975334805,A,0.30721482268044836,0.05577015961971451,0.993154808849449
10,1.1721022975334805,B,0.2569696170452893,0.03309987161029171,0.994225151683737
10,1.1721022975334805,C,0.28778914238527464,0.027359970007967693,0.9934996721941923
10,1.6102620275609392,A,0.3273437620751196,0.06385555462909218,0.9927119734148194
10,1.6102620275609392,B,0.2571446896762324,0.03393641427667005,0.9942235737024413
10,1.6102620275609392,C,0.2849032918370263,0.028309019019214513,0.9935680255492043
10,2.212216291070448,A,0.3534256985713266,0.07461141915600772,0.9921384107953802
10,2.212216291070448,B,0.25834689847815034,0.03490107991424895,0.9941992233494178
10,2.212216291070448,C,0.28210709616589474,0.029049367297885598,0.9936333077383216
10,3.039195382313198,A,0.38699515437720544,0.08839037604157345,0.9914007934109323
10,3.039195382313198,B,0.26090474462056285,0.03605872444322838,0.9941446818205811
10,3.039195382313198,C,0.27942866964050156,0.029482670823576824,0.9936947390591765
10,4.175318936560401,A,0.4301407625981752,0.10552321458373405,0.9904532457455627
10,4.175318936560401,B,0.2652528130600676,0.037545071651632476,0.9940501281162948
10,4.175318936560401,C,0.2769113881561901,0.029592826804665955,0.9937512675705037
10,5.736152510448681,A,0.4857657517049179,0.1264289334520288,0.9892314363261756
10,5.736152510448681,B,0.27197156377713005,0.03959940341939803,0.9939024829586733
10,5.736152510448681,C,0.27463961050765284,0.02946793009838066,0.9938009949971823
10,7.880462815669913,A,0.5578617382062951,0.15173060284615572,0.9876464949423353
10,7.880462815669913,B,0.28182915997436253,0.042577674574532993,0.9936845014994619
10,7.880462815669913,C,0.2727695999120994,0.029302472384265577,0.9938404877986322
10,10.82636733874054,A,0.6517148133735331,0.18233837231140063,0.9855805363464208
10,10.82636733874054,B,0.2958156559451633,0.04691667047057131,0.9933740181128714
10,10.82636733874054,C,0.27155619391268715,0.02936214368653084,0.9938641828010294
10,14.873521072935118,A,0.7739654264659084,0.21945242592590064,0.9828854137359239
10,14.873521072935118,B,0.31516819103374255,0.053038111253291643,0.9929433565793373
10,14.873521072935118,C,0.27136574756206794,0.029898930496043225,0.993864086880831
10,20.433597178569418,A,0.9325023718256276,0.2644398082797714,0.9793849580976902
10,20.433597178569418,B,0.3414032798082215,0.06123907112821753,0.9923585224820058
10,20.433597178569418,C,0.27266878569304065,0.031046247338849132,0.9938299110485904
10,28.072162039411758,A,1.136287896845269,0.31858630025508755,0.9748784340217054
10,28.072162039411758,B,0.3763895274943695,0.07164711008539765,0.9915774108441873
10,28.072162039411758,C,0.27601180345104226,0.032778426499402526,0.9937496632930255
10,38.56620421163472,A,1.3953165079719598,0.3828337265070466,0.9691408598138567
10,38.56620421163472,B,0.42249182582920425,0.08426867822629293,0.990546342602596
10,38.56620421163472,C,0.2819745836209598,0.03499618327996292,0.9936105802367031
10,52.98316906283707,A,1.7208696961114485,0.4577168729415814,0.9619171261761016
10,52.98316906283707,B,0.4827834654660994,0.09908512226063391,0.98919507480436
10,52.98316906283707,C,0.2911226522995824,0.03769585839299178,0.9934001956157053
10,72.78953843983146,A,2.12598200561728,0.5436876357842287,0.9529125567735539
10,72.78953843983146,B,0.5612772108416654,0.11612695841456828,0.9874314793466669
10,72.78953843983146,C,0.30396190653704075,0.04111038201168841,0.9931073826467666
10,100.0,A,2.625782441313279,0.6418263067618614,0.9417878373700767
10,100.0,B,0.6631203911811709,0.13548495373099984,0.9851371687344587
10,100.0,C,0.3209005036911837,0.045716905042967125,0.9927232427494539
11,0.01,A,0.27550788997749026,0.023746977257676525,0.9937764964443021
11,0.01,B,0.3256991945107367,0.04945998072930302,0.9926053453086412
11,0.01,C,0.4572859029660036,0.12584912016853325,0.9896577428285827
11,0.01373823795883263,A,0.27225640500121584,0.02425430741169067,0.9938534314547127
11,0.01373823795883263,B,0.3168010896505811,0.04319805012874268,0.992809622068488
11,0.01373823795883263,C,0.44315616448012857,0.1162237268168807,0.9899778803655682
11,0.018873918221350976,A,0.26932958236231175,0.02505225986604487,0.9939233064161279
11,0.018873918221350976,B,0.30882488918709033,0.037882927647421925,0.9929936790172565
11,0.018873918221350976,C,0.4292983831123567,0.10656395677387091,0.9902922445369076
11,0.02592943797404667,A,0.2666961974946548,0.026069370768168187,0.9939868615680029
11,0.02592943797404667,B,0.3016822564050983,0.033504374523100566,0.9931592708427166
11,0.02592943797404667,C,0.41583535261647747,0.09705475483036559,0.9905973143510118
11,0.035622478902624426,A,0.2643476411885983,0.0272383109038933,0.9940443292395418
11,0.035622478902624426,B,0.29529713179453115,0.030036234968906485,0.9933079428126037
11,0.035622478902624426,C,0.4028870483168469,0.0879650279995948,0.9908898523360163
11,0.04893900918477494,A,0.26230039395588445,0.028499732793888885,0.9940953699884046
11,0.04893900918477494,B,0.2896059144551831,0.027444583519493315,0.993441011829751
11,0.04893900918477494,C,0.3905553665554246,0.07955321324032431,0.9911672720098593
11,0.06723357536499334,A,0.26059765442606125,0.029807623844138594,0.994139023864123
11,0.06723357536499334,B,0.2845514688601639,0.025682109443085487,0.9935596838504654
11,0.06723357536499334,C,0.37891517325461244,0.07200414631075476,0.9914278359838884
11,0.09236708571873861,A,0.2593117937416164,0.031131831774512172,0.9941736385650403
11,0.09236708571873861,B,0.28007636840796646,0.024676433003163196,0.9936651964702646
11,0.09236708571873861,C,0.368012994800654,0.06540079107740646,0.9916706620078845
11,0.12689610031679222,A,0.2585490038315508,0.03245711987952889,0.9941967462719334
11,0.12689610031679222,B,0.27611893298565904,0.024324482711820375,0.9937589059754185
11,0.12689610031679222,C,0.3578701938711238,0.05972844510192109,0.9918956055050165
11,0.17433288221999882,A,0.25845744255543934,0.033782052053045714,0.9942048674192636
11,0.17433288221999882,B,0.27261345301121104,0.024498795352689385,0.9938422804175637
11,0.17433288221999882,C,0.34848603121305105,0.05490152084585161,0.9921031168408527
11,0.2395026619987486,A,0.2592395401953072,0.03512313680554235,0.9941932392371647
11,0.2395026619987486,B,0.26949490805486365,0.0250618974875394,0.9939167857087821
11,0.2395026619987486,C,0.33983822078116793,0.05079576324964971,0.9922941351160535
11,0.32903445623126676,A,0.26116777245530776,0.03652999324322832,0.9941554979944064
11,0.32903445623126676,B,0.2667075880570323,0.02588140722914904,0.9939836781476075
11,0.32903445623126676,C,0.3318835856867227,0.04727136801626208,0.9924699880286949
11,0.4520353656360243,A,0.26460252730503375,0.038115410172589514,0.9940833506078122
11,0.4520353656360243,B,0.26421565716093315,0.026841518321308322,0.9940437532888081
11,0.4520353656360243,C,0.3245648181695426,0.04418537244169775,0.9926321968465226
11,0.6210169418915616,A,0.2700113486083937,0.040097433870800274,0.9939662399890352
11,0.6210169418915616,B,0.26201319911321513,0.02785027381687283,0.9940971134316235
11,0.6210169418915616,C,0.3178261625355657,0.04140309712847176,0.992782136766999
11,0.8531678524172805,A,0.2779890364870573,0.0428358644898545,0.9937909875717816
11,0.8531678524172805,B,0.2601328456369237,0.028843802660518975,0.9941429769138234
11,0.8531678524172805,C,0.31163229872733905,0.03881705208193971,0.9929206613560335
11,1.1721022975334805,A,0.28927630491798617,0.04682748907844511,0.9935414311379761
11,1.1721022975334805,B,0.25865448806429725,0.029789039944842815,0.9941794920861075
11,1.1721022975334805,C,0.30597897624214265,0.036369723970354505,0.9930479093408959
11,1.6102620275609392,A,0.3047733602164251,0.052628579599544416,0.9931981174535369
11,1.6102620275609392,B,0.2577163843146198,0.030685826564754257,0.9942034961374089
11,1.6102620275609392,C,0.300887843898839,0.03406695515981274,0.9931634341574082
11,2.212216291070448,A,0.3255493954358005,0.06072824120540312,0.9927380298720007
11,2.212216291070448,B,0.25752948564210365,0.031568649376217006,0.994210194020735
11,2.212216291070448,C,0.2963892400801626,0.031969973354147044,0.9932665686892799
11,3.039195382313198,A,0.3528642513352215,0.07146249607035009,0.9921340179619766
11,3.039195382313198,B,0.25839382970614855,0.03250957019974294,0.994192785024314
11,3.039195382313198,C,0.29250612473463206,0.03016498908537705,0.9933567472185919
11,4.175318936560401,A,0.3882434678215144,0.08504475674339855,0.9913530549614901
11,4.175318936560401,B,0.26071568625105396,0.033626858670375806,0.9941420766383521
11,4.175318936560401,C,0.2892522543801953,0.028724124853542747,0.9934335141865892
11,5.736152510448681,A,0.4336679774158066,0.10170746889671402,0.9903519866968764
11,5.736152510448681,B,0.2650259904076705,0.035103909924689376,0.9940460856710335
11,5.736152510448681,C,0.28664871071895826,0.02768261973044151,0.9934961444008822
11,7.880462815669913,A,0.49192344423147444,0.12189939854310665,0.9890697472249684
11,7.880462815669913,B,0.2720017239725836,0.037214142962307656,0.993889592450642
11,7.880462815669913,C,0.2847520807512021,0.027052812402331563,0.9935430277254419
11,10.82636733874054,A,0.5670806386849222,0.14647687749309865,0.9874166060327878
11,10.82636733874054,B,0.2824890182862944,0.04032956566444809,0.9936536618778286
11,10.82636733874054,C,0.2836817503976635,0.026869331264223802,0.9935710864297723
11,14.873521072935118,A,0.6649809870500978,0.176824738803969,0.9852631707164761
11,14.873521072935118,B,0.29752102648108825,0.044879843883374744,0.9933152588870857
11,14.873521072935118,C,0.283634711237363,0.02722692414426444,0.9935754653520892
11,20.433597178569418,A,0.7935600176811699,0.21484001402380787,0.982432825727518
11,20.433597178569418,B,0.3183234302097385,0.05125479565007933,0.9928470898416777
11,20.433597178569418,C,0.28488135684861676,0.02826250217117334,0.9935496318078852
11,28.072162039411758,A,0.9628941621930316,0.26273810327476127,0.9787001694391699
11,28.072162039411758,B,0.34631574715852476,0.059701036056716866,0.9922174750855921
11,28.072162039411758,C,0.28774147926646976,0.030072140480534023,0.993485917757987
11,38.56620421163472,A,1.1849413930743808,0.3227257051680838,0.9737962459351076
11,38.56620421163472,B,0.3831474022123587,0.07028257437415394,0.9913893865582895
11,38.56620421163472,C,0.2925447794136399,0.03262772616059059,0.9933764412734194
11,52.98316906283707,A,1.4729753890531427,0.396705157744267,0.9674209872165298
11,52.98316906283707,B,0.4308365727602366,0.08292328283680239,0.9903171371688189
11,52.98316906283707,C,0.29958624092720243,0.035781706116533876,0.9932142020067973
11,72.78953843983146,A,1.8407195022603453,0.4862283134441859,0.959263410113927
11,72.78953843983146,B,0.49207603725553783,0.09749725992125394,0.9889392881143853
11,72.78953843983146,C,0.3090954665136659,0.039373391952494376,0.9929939123661619
11,100.0,A,2.3013587708991152,0.5928159711340278,0.9490261326535976
11,100.0,B,0.5707102299865319,0.11393185549152658,0.987167696093827
11,100.0,C,0.32124652547964255,0.043368482724631466,0.992711914957513
12,0.01,A,0.2831990296012258,0.02575529171979662,0.9935918445203956
12,0.01,B,0.35321953672579126,0.06896830848864358,0.9919613380930464
12,0.01,C,0.6204758440465575,0.2165983690431683,0.9862301756065778
12,0.01373823795883263,A,0.2788151326342622,0.025942569967352,0.9936979290616345
12,0.01373823795883263,B,0.3404447026181646,0.06125705130705242,0.9922452451776829
12,0.01373823795883263,C,0.5955299243517913,0.1954241046942739,0.9867356034335367
12,0.018873918221350976,A,0.2748302752640261,0.026610986697080695,0.9937946889161818
12,0.018873918221350976,B,0.3292450942165552,0.05408401441301647,0.9924981115500582
12,0.018873918221350976,C,0.5716286504712053,0.17735150845659514,0.98722330938192
12,0.02592943797404667,A,0.2711750222161184,0.027552301534286155,0.9938835321652004
12,0.02592943797404667,B,0.31948217586896177,0.047460161573884184,0.9927222370769767
12,0.02592943797404667,C,0.5482602824639777,0.16156849536911622,0.9877036781410332
12,0.035622478902624426,A,0.2678061031863388,0.028611447960093087,0.9939653604629998
12,0.035622478902624426,B,0.31096898438600695,0.0415102256025554,0.9929208106978006
12,0.035622478902624426,C,0.5251096392338812,0.14748419040526975,0.9881831846778597
12,0.04893900918477494,A,0.26471123903028265,0.029692792718814635,0.9940404766823004
12,0.04893900918477494,B,0.30350732913493356,0.03642244511691047,0.9930973063662194
12,0.04893900918477494,C,0.5021096899175049,0.13472216379817212,0.9886633232004076
12,0.06723357536499334,A,0.2619087841221185,0.03075337028527077,0.9941085854143068
12,0.06723357536499334,B,0.29691454842439347,0.03237812893461098,0.9932550293920814
12,0.06723357536499334,C,0.4794243358382892,0.12306691997037321,0.9891409018354628
12,0.09236708571873861,A,0.2594451447178366,0.03178789908268227,0.9941688173180958
12,0.09236708571873861,B,0.291039197218099,0.02948977740095571,0.9933968117958567
12,0.09236708571873861,C,0.4573739459804392,0.11240200114173848,0.9896094766102822
12,0.12689610031679222,A,0.2573953270750181,0.03280997870891649,0.9942196640088847
12,0.12689610031679222,B,0.28576532343131494,0.02775819268519769,0.993524886045906
12,0.12689610031679222,C,0.4363376035053094,0.10266994815529865,0.9900612527163487
12,0.17433288221999882,A,0.25586926435769064,0.033834398749883005,0.9942587791420792
12,0.17433288221999882,B,0.28100697494996557,0.027057881611195427,0.9936409408721543
12,0.17433288221999882,C,0.41666799967118695,0.09385718059378301,0.9904887416165519
12,0.2395026619987486,A,0.2550229737291409,0.03486588972154495,0.9942826840199344
12,0.2395026619987486,B,0.2766988110733358,0.02716235495078986,0.9937462670093913
12,0.2395026619987486,C,0.39863804141191644,0.08598296129991405,0.990885800245446
12,0.32903445623126676,A,0.2550731947009546,0.035898911446858014,0.994286421004001
12,0.32903445623126676,B,0.2727900721152137,0.027801529722433292,0.9938418551498243
12,0.32903445623126676,C,0.38241982816566333,0.07907241954345441,0.9912480538147074
12,0.4520353656360243,A,0.2563157646521262,0.03693134268515295,0.9942631565228982
12,0.4520353656360243,B,0.2692449135446077,0.02872153951975139,0.9939283835994825
12,0.4520353656360243,C,0.36808794276236545,0.07311450394334797,0.9915728854993567
12,0.6210169418915616,A,0.2591475216160022,0.037993735375399455,0.9942037407724289
12,0.6210169418915616,B,0.2660465357746462,0.029723537375528037,0.994006141085702
12,0.6210169418915616,C,0.3556371610846955,0.06802685306258302,0.9918592028018682
12,0.8531678524172805,A,0.2640888428422864,0.03919544312698151,0.9940962841986556
12,0.8531678524172805,B,0.26320147734235755,0.030678061863175603,0.9940749468540402
12,0.8531678524172805,C,0.3450039890745673,0.06365378573510053,0.992107172094953
12,1.1721022975334805,A,0.27180359372574314,0.04078368689426979,0.9939258074665233
12,1.1721022975334805,B,0.2607439870696419,0.03152229389117158,0.994134055505223
12,1.1721022975334805,C,0.3360827981449252,0.059805403855332596,0.9923180532521803
12,1.6102620275609392,A,0.283117154122947,0.04319142131243193,0.9936739230813492
12,1.6102620275609392,B,0.2587438655367784,0.03224896714071537,0.9941819681696513
12,1.6102620275609392,C,0.32873366939896564,0.05631897952854217,0.992494133661834
12,2.212216291070448,A,0.2990373219715377,0.04701918192847415,0.9933184116215417
12,2.212216291070448,B,0.25732131288642474,0.03289349085391609,0.9942160786785799
12,2.212216291070448,C,0.3227873975324514,0.05311166658283923,0.9926386198713733
12,3.039195382313198,A,0.3207859097464595,0.052904169634635775,0.992832502713644
12,3.039195382313198,B,0.2566700217601643,0.033522126422614006,0.9942321369140528
12,3.039195382313198,C,0.31805601338856665,0.050200756472272165,0.9927553284226424
12,4.175318936560401,A,0.3498572054340386,0.061332533471123524,0.9921835117029494
12,4.175318936560401,B,0.2570875761896171,0.03422176616261663,0.9942235546499383
12,4.175318936560401,C,0.314351111873605,0.04767758620932172,0.9928481767957752
12,5.736152510448681,A,0.38813398732094456,0.07255409362977801,0.9913301793226555
12,5.736152510448681,B,0.2590113101019961,0.035094533586927316,0.9941805927917224
12,5.736152510448681,C,0.3115031339466814,0.04562801979357785,0.9929206749195056
12,7.880462815669913,A,0.43809370580988627,0.08668985808753125,0.9902180143864092
12,7.880462815669913,B,0.26305725342619063,0.036266390623045854,0.9940894783068659
12,7.880462815669913,C,0.3093736311780671,0.04401915837333513,0.9929756196083236
12,10.82636733874054,A,0.5031043501388246,0.10396931013870696,0.9887726497987851
12,10.82636733874054,B,0.27005810631062277,0.03791945975969549,0.9939315382185752
12,10.82636733874054,C,0.30786325562394334,0.04262854257755567,0.9930149264034123
12,14.873521072935118,A,0.587748943050087,0.12498244596522344,0.9868925356212286
12,14.873521072935118,B,0.2810930384613858,0.040342393761856284,0.9936825098951468
12,14.873521072935118,C,0.3069297773491317,0.04111369277759903,0.9930392568019218
12,20.433597178569418,A,0.6980733765746082,0.15084870692972324,0.9844432447575147
12,20.433597178569418,B,0.2974997936625581,0.04395963616104213,0.9933122394757727
12,20.433597178569418,C,0.3066263996387522,0.03923643112906704,0.9930471912419552
12,28.072162039411758,A,0.8416711041745408,0.18321615118488252,0.9812552348889853
12,28.072162039411758,B,0.3208632435740221,0.049275729451498045,0.9927848976002585
12,28.072162039411758,C,0.3071487491376396,0.03713349039030991,0.9930342027122008
12,38.56620421163472,A,1.0276084983545366,0.22404789014837492,0.9771249592154969
12,38.56620421163472,B,0.3529915589063123,0.056716821681666606,0.9920594519279893
12,38.56620421163472,C,0.3088580295258912,0.035459690661053075,0.9929921619326191
12,52.98316906283707,A,1.2663073190152916,0.27528803734559776,0.9718169181191687
12,52.98316906283707,B,0.3959249078638233,0.06646593496232474,0.9910893612914589
12,52.98316906283707,C,0.31225075574643263,0.035199085615694764,0.9929100335885306
12,72.78953843983146,A,1.5695464938165813,0.33865158869131234,0.9650635587325629
12,72.78953843983146,B,0.4520547471552325,0.07842239262803202,0.9898197063095274
12,72.78953843983146,C,0.3178756057458337,0.03706738174314701,0.9927757387921676
12,100.0,A,1.9506657231132891,0.41576061865567054,0.9565619099785735
12,100.0,B,0.5244227395556406,0.09230275898003697,0.9881802101807086
12,100.0,C,0.3262345149100948,0.04100944529525242,0.9925783433865565
13,0.01,A,0.2934433425877381,0.028911828499991694,0.9933414009617044
13,0.01,B,0.4096835919900248,0.10959161733779402,0.9907483193660207
13,0.01,C,0.9873803918984244,0.572563914947418,0.9786543052929341
13,0.01373823795883263,A,0.2871968922803054,0.02644697553553116,0.9934875415637483
13,0.01373823795883263,B,0.38963960904082373,0.09663632808119317,0.9911818846043662
13,0.01373823795883263,C,0.9221256022915918,0.5127264751823989,0.9799969113958724
13,0.018873918221350976,A,0.28174117072695626,0.025028682257896315,0.9936165088522424
13,0.018873918221350976,B,0.3715200560733529,0.08490591262382699,0.9915761964716824
13,0.018873918221350976,C,0.8619045748363667,0.4653224680440671,0.9812410054426293
13,0.02592943797404667,A,0.276965848259629,0.024538047588841698,0.9937306142183718
13,0.02592943797404667,B,0.355341782438397,0.07432531503154612,0.9919312810281816
13,0.02592943797404667,C,0.8059270733800579,0.4229709727703547,0.982403368609773
13,0.035622478902624426,A,0.2727747402582327,0.02480741657138847,0.9938318663716457
13,0.035622478902624426,B,0.3410390250829748,0.0648022784954963,0.9922484534022006
13,0.035622478902624426,C,0.7538459140743139,0.38179899257438954,0.9834912382330219
13,0.04893900918477494,A,0.2690944840115667,0.025645474904864834,0.9939217864951992
13,0.04893900918477494,B,0.3284816694798774,0.05627313180999594,0.9925300481241213
13,0.04893900918477494,C,0.7056185515843103,0.3408223512199043,0.9845049340033627
13,0.06723357536499334,A,0.26588098603399796,0.026865563499963982,0.9940012694427895
13,0.06723357536499334,B,0.3175010093138412,0.04871803564189114,0.9927790595582163
13,0.06723357536499334,C,0.6612966852275258,0.30067648065846236,0.9854421837359035
13,0.09236708571873861,A,0.26312110934806526,0.028307208720309396,0.9940705444616157
13,0.09236708571873861,B,0.307916076830693,0.04215495866131358,0.9929987533606699
13,0.09236708571873861,C,0.6208616471668693,0.26256555311655305,0.9863017837837644
13,0.12689610031679222,A,0.26083161346089806,0.02984745220359518,0.9941291856331629
13,0.12689610031679222,B,0.29955392492206406,0.0366287473298509,0.9931923378796942
13,0.12689610031679222,C,0.5841630090778535,0.22764299902055962,0.9870852450403079
13,0.17433288221999882,A,0.25906032286784314,0.03140233266423923,0.9941760594036282
13,0.17433288221999882,B,0.2922606258227162,0.032201137637690704,0.9933627576186209
13,0.17433288221999882,C,0.550946290339118,0.19671415629659847,0.9877964966868064
13,0.2395026619987486,A,0.2578940399425603,0.03292101426606446,0.9942091139780693
13,0.2395026619987486,B,0.2859040695959501,0.02893202940542029,0.9935126106181971
13,0.2395026619987486,C,0.5209162249889426,0.1701218684609741,0.9884406585928815
13,0.32903445623126676,A,0.2574749529918486,0.03437695766558219,0.9942249826936784
13,0.32903445623126676,B,0.2803724718747249,0.026839672099080624,0.9936441397755276
13,0.32903445623126676,C,0.4937857057673951,0.14775015919522877,0.9890229653465002
13,0.4520353656360243,A,0.25802446796662515,0.03576207797328936,0.9942184391590404
13,0.4520353656360243,B,0.2755728060402679,0.02585068714166884,0.9937592308869252
13,0.4520353656360243,C,0.4692910202558728,0.12913003387994954,0.9895483464766055
13,0.6210169418915616,A,0.25987149433273604,0.037091050604330586,0.994181784480442
13,0.6210169418915616,B,0.2714316657767687,0.025781661495664805,0.9938593696139295
13,0.6210169418915616,C,0.44718491946489125,0.11362266488017432,0.9900214977839081
13,0.8531678524172805,A,0.2634810090751839,0.03842342038841333,0.9941042687517394
13,0.8531678524172805,B,0.26789859801302657,0.026378907366263596,0.9939455510946178
13,0.8531678524172805,C,0.42723123856608114,0.10062272358304361,0.9904469788904999
13,1.1721022975334805,A,0.2694783894795956,0.03990848047363217,0.9939716422955632
13,1.1721022975334805,B,0.26495054105638743,0.027386281757590784,0.9940181647110757
13,1.1721022975334805,C,0.4092159815232882,0.08971059299741617,0.9908290177971513
13,1.6102620275609392,A,0.2786661137856866,0.041845893684148844,0.9937658873135549
13,1.6102620275609392,B,0.2625972516067125,0.028594186959839334,0.9940768544778592
13,1.6102620275609392,C,0.3929719562313436,0.08069885818067458,0.9911710499501767
13,2.212216291070448,A,0.29203170607866435,0.04472696855518644,0.9934651174326798
13,2.212216291070448,B,0.26089085302025855,0.029857781502378344,0.9941202904837727
13,2.212216291070448,C,0.378402405107649,0.07355641568498512,0.9914752582858448
13,3.039195382313198,A,0.31074933088446643,0.049190839869266145,0.9930435641614442
13,3.039195382313198,B,0.25994460836796085,0.0310995070755789,0.9941457450653127
13,3.039195382313198,C,0.3654903495410685,0.06824540036654538,0.9917423740661496
13,4.175318936560401,A,0.3361855770544665,0.055859125454735904,0.9924714203020745
13,4.175318936560401,B,0.2599639441031074,0.03230975653541659,0.994148408478315
13,4.175318936560401,C,0.354289144752626,0.064559810124731,0.9919718413753946
13,5.736152510448681,A,0.36993776883268176,0.06514192455592323,0.9917139460716076
13,5.736152510448681,B,0.26128772295706043,0.03354770303456725,0.9941204830506066
13,5.736152510448681,C,0.3448960330882371,0.06206783525060093,0.9921623250792042
13,7.880462815669913,A,0.4139573297725202,0.07719247581375747,0.9907287049389628
13,7.880462815669913,B,0.2644337162658588,0.034939100764283915,0.9940501819323142
13,7.880462815669913,C,0.3374115147202169,0.06019256650134513,0.9923125058610134
13,10.82636733874054,A,0.47081802770802117,0.09207885742495792,0.989459585408477
13,10.82636733874054,B,0.2701411430354424,0.03667423196870476,0.993920786480096
13,10.82636733874054,C,0.33189008086407307,0.0583670478814823,0.9924220315866655
13,14.873521072935118,A,0.5441456127261937,0.11009400287316841,0.9878271601104005
13,14.873521072935118,B,0.2794025115237657,0.039017198419936935,0.9937099352924715
13,14.873521072935118,C,0.3282978646693594,0.05616617880562306,0.9924922887695831
13,20.433597178569418,A,0.6391316991707863,0.13208736297649668,0.9857169889180263
13,20.433597178569418,B,0.29347344670485603,0.04232773489419794,0.9933893958541058
13,20.433597178569418,C,0.32650315722079826,0.053362411226867225,0.9925264658191896
13,28.072162039411758,A,0.7629757157169704,0.15969110602181338,0.9829692783380594
13,28.072162039411758,B,0.3138457572241294,0.047063112650780226,0.9929256395259056
13,28.072162039411758,C,0.32632139505819724,0.0499268764650551,0.9925284897980753
13,38.56620421163472,A,0.925107038337788,0.1952969057682086,0.9793732313173379
13,38.56620421163472,B,0.3421786066067126,0.05370916147983438,0.9922813217240132
13,38.56620421163472,C,0.3276101226477016,0.04605651029647346,0.9925009557019434
13,52.98316906283707,A,1.1371166833342183,0.24173526312961988,0.9746678628739696
13,52.98316906283707,B,0.38021946002178686,0.06264152001363929,0.9914169469014622
13,52.98316906283707,C,0.33037442735233535,0.04228518593838007,0.9924428788070226
13,72.78953843983146,A,1.412380673660942,0.30185639543203024,0.968550130536662
13,72.78953843983146,B,0.42980491021884737,0.07400399172909983,0.9902906866359196
13,72.78953843983146,C,0.3348263766168552,0.03958360894468378,0.9923484548967698
13,100.0,A,1.765374608894292,0.3783535810622998,0.9606910845436909
13,100.0,B,0.4930709651914805,0.08769061560360737,0.9888534244837551
13,100.0,C,0.3413609174036286,0.039131817540292484,0.9922076364866695
14,0.01,A,0.30270820439413193,0.03541825045953435,0.9931159266340821
14,0.01,B,0.4506205164458411,0.1399119990471681,0.9899100557204015
14,0.01,C,1.6013897281132319,1.4013720307664443,0.9668677282592725
14,0.01373823795883263,A,0.29546397590917733,0.031625789510025794,0.9932876442684145
14,0.01373823795883263,B,0.42557379382199195,0.12198429865613289,0.9904319844421605
14,0.01373823795883263,C,1.4918816818753753,1.3277288715136655,0.9692384939334726
14,0.018873918221350976,A,0.2892542573577729,0.029089226824879095,0.9934369679320397
14,0.018873918221350976,B,0.40214233755207296,0.10557546299142785,0.990922905748104
14,0.018873918221350976,C,1.3825147025879505,1.230131790916096,0.9715265978585682
14,0.02592943797404667,A,0.28386590111904575,0.027763765896239575,0.9935681933964172
14,0.02592943797404667,B,0.3807940224294493,0.09119528057409179,0.9913741009494699
14,0.02592943797404667,C,1.2736121299149556,1.1133876013341832,0.9737411519833955
14,0.035622478902624426,A,0.2791329626643705,0.02749117355310566,0.9936846754318772
14,0.035622478902624426,B,0.36186445056895933,0.07899315822885924,0.9917792187177581
14,0.035622478902624426,C,1.1671569156068684,0.984968735478517,0.9758601195042529
14,0.04893900918477494,A,0.27493811413030944,0.028022348499541577,0.9937887678675509
14,0.04893900918477494,B,0.3454791206952305,0.06873147206462339,0.9921356332752806
14,0.04893900918477494,C,1.065751393135346,0.8532999711963234,0.9778485412930445
14,0.06723357536499334,A,0.2712120112686704,0.02908409613403324,0.993881833730517
14,0.06723357536499334,B,0.33154887577177183,0.05997938482185114,0.9924445343014643
14,0.06723357536499334,C,0.9716989763615169,0.7260386798547064,0.979674913574659
14,0.09236708571873861,A,0.2679309134369579,0.03044181199181725,0.993964304291849
14,0.09236708571873861,B,0.31982253745427175,0.05236253344586861,0.9927100425937307
14,0.09236708571873861,C,0.8864552351239976,0.6088967404133043,0.9813211907144955
14,0.12689610031679222,A,0.2651109841814009,0.031928235228099885,0.9940358010977134
14,0.12689610031679222,B,0.30996444045080074,0.04570265527654031,0.9929379069215756
14,0.12689610031679222,C,0.8105201785692737,0.5052562137619925,0.9827848354871289
14,0.17433288221999882,A,0.2628007557689902,0.03344129843037834,0.9940952727596901
14,0.17433288221999882,B,0.3016272661401527,0.04001555003383974,0.9931342628195365
14,0.17433288221999882,C,0.7436478002561464,0.4164600137020503,0.9840750507170191
14,0.2395026619987486,A,0.26107777672637134,0.03492693499505704,0.9941410144471063
14,0.2395026619987486,B,0.294503475888629,0.035431278962156615,0.9933047111345135
14,0.2395026619987486,C,0.685154357853556,0.34240646594777974,0.9852073034715192
14,0.32903445623126676,A,0.2600559935939031,0.03636036402182502,0.99417044326699
14,0.32903445623126676,B,0.2883511489278366,0.032095302165006515,0.9934537898210121
14,0.32903445623126676,C,0.6341554826091381,0.282082585632306,0.9861993820403911
14,0.4520353656360243,A,0.25990642518308593,0.03773310835270854,0.994179596169291
14,0.4520353656360243,B,0.28299833339712105,0.030071991715312756,0.9935848004022111
14,0.4520353656360243,C,0.5896872963023672,0.23389282482856383,0.9870697437423301
14,0.6210169418915616,A,0.2608890732133302,0.039048713807362585,0.9941624110015399
14,0.6210169418915616,B,0.2783347155814073,0.029272782668724167,0.9936998731935432
14,0.6210169418915616,C,0.5507622958228375,0.19586888333520525,0.9878370119615871
14,0.8531678524172805,A,0.2633913223434184,0.040330215401741365,0.9941098996597091
14,0.8531678524172805,B,0.2743000736373954,0.029453565609332245,0.9938001248896114
14,0.8531678524172805,C,0.5164251278281259,0.16591714291448587,0.9885192453085011
14,1.1721022975334805,A,0.26796667364578897,0.04164480314326203,0.9940093471408963
14,1.1721022975334805,B,0.27087537302206055,0.03029083295946248,0.9938858030636151
14,1.1721022975334805,C,0.48583451252848253,0.14217417263078122,0.9891324484920199
14,1.6102620275609392,A,0.275367430190331,0.043150554441626514,0.9938436700364649
14,1.6102620275609392,B,0.2680778193422634,0.031476816074709896,0.9939563760138551
14,1.6102620275609392,C,0.45835879851276645,0.12338742074115944,0.9896886241825872
14,2.212216291070448,A,0.28656735675022627,0.04515940409803467,0.9935910032591357
14,2.212216291070448,B,0.26596005901610237,0.0327754412739802,0.9940105365073771
14,2.212216291070448,C,0.4336556915427239,0.10910176133746613,0.9901940289182727
14,3.039195382313198,A,0.3027741864511297,0.048181723391423285,0.9932244866968638
14,3.039195382313198,B,0.26461633804281576,0.03403596542901466,0.9940460407628707
14,3.039195382313198,C,0.41170298138775896,0.09937853017584122,0.9906483735336549
14,4.175318936560401,A,0.32543443001162436,0.0528813111727144,0.9927121734202968
14,4.175318936560401,B,0.2642012955816134,0.03519137466057305,0.994059263337669
14,4.175318936560401,C,0.3927500448263298,0.09399298105026022,0.9910456451402453
14,5.736152510448681,A,0.3562391261329102,0.05989268922988423,0.9920168762023472
14,5.736152510448681,B,0.2649667491287363,0.036262126598037174,0.9940443694296294
14,5.736152510448681,C,0.3771785326212362,0.0917348363380449,0.9913768431942117
14,7.880462815669913,A,0.39715951151806583,0.06959523919363504,0.9910953458075202
14,7.880462815669913,B,0.26731710736256636,0.03736465331755177,0.9939921028742524
14,7.880462815669913,C,0.36530257727106613,0.09068909114883142,0.991634052793547
14,10.82636733874054,A,0.4505686018552183,0.08205164655155642,0.9898955569642816
14,10.82636733874054,B,0.2718761467481334,0.0387074081279937,0.9938883400739016
14,10.82636733874054,C,0.3571860499875158,0.08923668057750464,0.9918142873535327
14,14.873521072935118,A,0.5195004889705359,0.09720439226128763,0.9883509069095112
14,14.873521072935118,B,0.27955001370233684,0.040562165809579165,0.9937127157615038
14,14.873521072935118,C,0.3525651775526336,0.08669833396071223,0.9919212751120945
14,20.433597178569418,A,0.6080346427434352,0.11523557626149863,0.9863715083296487
14,20.433597178569418,B,0.29156709844662904,0.04322933866364537,0.9934377203981594
14,20.433597178569418,C,0.3509143174551877,0.08319213961431374,0.9919643591364714
14,28.072162039411758,A,0.7217020337900466,0.1369282404249697,0.9838347720564251
14,28.072162039411758,B,0.3094774172665332,0.0470395485464861,0.9930286436522531
14,28.072162039411758,C,0.3516111565210262,0.07906306950875319,0.991955326118832
14,38.56620421163472,A,0.8677747769505885,0.1638578660964507,0.9805783225672752
14,38.56620421163472,B,0.3351039322542738,0.05239373510928122,0.9924445449955422
14,38.56620421163472,C,0.35411030359233076,0.07445368288797193,0.9919049497021595
14,52.98316906283707,A,1.055363098198673,0.19826744766401241,0.9763970365671879
14,52.98316906283707,B,0.37045798754403475,0.05976087724151025,0.9916400041284253
14,52.98316906283707,C,0.3580546453033802,0.06932898574490333,0.9918206411052454
14,72.78953843983146,A,1.2953562120737785,0.2426682125922074,0.9710437082198403
14,72.78953843983146,B,0.4176647437972892,0.06955494936296903,0.9905666337024119
14,72.78953843983146,C,0.36331071629867673,0.06382139930548426,0.9917054806533058
14,100.0,A,1.600320512554492,0.29950735267840295,0.9642314273601118
14,100.0,B,0.47899048731540617,0.08195090459913633,0.9891722670261496
14,100.0,C,0.3699521552989779,0.058541819358936875,0.9915581999437336
15,0.01,A,0.32087210977864034,0.04862483569780724,0.9926987164306006
15,0.01,B,0.5342730540081373,0.21474295946151356,0.9881502297145568
15,0.01,C,3.239060401065686,3.0384190007659373,0.9316241851524101
15,0.01373823795883263,A,0.3101114024826783,0.041763580749893746,0.992943054990158
15,0.01373823795883263,B,0.5011537987275022,0.18818523203795268,0.9888413174712835
15,0.01373823795883263,C,2.876013123861339,2.7665609155691833,0.9396638591325219
15,0.018873918221350976,A,0.3009159377493603,0.03614601100047363,0.9931546571557863
15,0.018873918221350976,B,0.4700608555829911,0.16370469067745008,0.9894915783968189
15,0.018873918221350976,C,2.5506256024887,2.489365875286556,0.9467367606836576
15,0.02592943797404667,A,0.2930634603711001,0.03178740738848987,0.993337883896011
15,0.02592943797404667,B,0.44123403559803637,0.14158866850851365,0.9900963348159465
15,0.02592943797404667,C,2.257679614740386,2.202034087546583,0.952998043862389
15,0.035622478902624426,A,0.28635934771501503,0.028714334108737336,0.9934966157180272
15,0.035622478902624426,B,0.41491556010976904,0.12205266584578649,0.9906512267867521
15,0.035622478902624426,C,1.995808750031329,1.9167836501331288,0.9585199473903089
15,0.04893900918477494,A,0.2806413104695913,0.02691920395240683,0.9936341082597421
15,0.04893900918477494,B,0.3912864397171679,0.10511794448855759,0.991153161475516
15,0.04893900918477494,C,1.7655153635801732,1.6510992142261482,0.9633272786372444
15,0.06723357536499334,A,0.2757843556525862,0.026313880286061797,0.9937528533162524
15,0.06723357536499334,B,0.3704190856405085,0.09057728551195683,0.9916009509177799
15,0.06723357536499334,C,1.567274869791254,1.418901953352834,0.967434869740775
15,0.09236708571873861,A,0.27170492072950764,0.02671376848468245,0.993854472119426
15,0.09236708571873861,B,0.3522584564479487,0.07807261004797504,0.9919955314872325
15,0.09236708571873861,C,1.4002808790549848,1.2263396613218347,0.9708746488667664
15,0.12689610031679222,A,0.2683613285840616,0.027873114414650933,0.9939396983972368
15,0.12689610031679222,B,0.33663352277092823,0.0672307265777314,0.9923397772572254
15,0.12689610031679222,C,1.2619617654078203,1.0716454352795468,0.9737080433192409
15,0.17433288221999882,A,0.2657491703393283,0.02954440724992965,0.9940084688257901
15,0.17433288221999882,B,0.32329148302993477,0.0577732459231722,0.9926380061158371
15,0.17433288221999882,C,1.1481615142162092,0.9476533499663023,0.9760247943120056
15,0.2395026619987486,A,0.2638948860105631,0.031519616731527283,0.9940600348841052
15,0.2395026619987486,B,0.31194214473986454,0.04955740500300254,0.9928953178650953
15,0.2395026619987486,C,1.053803556446032,0.8453007744235987,0.9779314794776625
15,0.32903445623126676,A,0.26285524368160307,0.03364064848461772,0.9940929246494814
15,0.32903445623126676,B,0.3022995275633026,0.042561825606683625,0.9931169162545723
15,0.32903445623126676,C,0.973792870091968,0.7565693075377249,0.9795346335207411
15,0.4520353656360243,A,0.2627305661306818,0.03579201344289462,0.9941045968454105
15,0.4520353656360243,B,0.2941118228312599,0.036848880207197655,0.9933075442918049
15,0.4520353656360243,C,0.9038391646072717,0.6759970995992768,0.9809248326004754
15,0.6210169418915616,A,0.26369482397475064,0.03789221749223959,0.9940907415994191
15,0.6210169418915616,B,0.2871775090892625,0.03251569439597472,0.9934710987033336
15,0.6210169418915616,C,0.8409180252543266,0.6007926499801259,0.982167439392871
15,0.8531678524172805,A,0.26603947499870584,0.03989432819710581,0.9940443154440779
15,0.8531678524172805,B,0.28135083499882085,0.029627215725733905,0.9936104201648538
15,0.8531678524172805,C,0.7832709917687988,0.5300956561829125,0.9833021384792937
15,1.1721022975334805,A,0.2702235927821092,0.041801283408439416,0.9939544838435566
15,1.1721022975334805,B,0.27654133942415926,0.028140146514913457,0.9937272204731403
15,1.1721022975334805,C,0.7300704112804819,0.4639967569769768,0.9843490415884357
15,1.6102620275609392,A,0.2769207173068552,0.043699339776340475,0.9938056796742796
15,1.6102620275609392,B,0.2727104838928935,0.027866403942075735,0.9938221038709566
15,1.6102620275609392,C,0.6809914369657164,0.40278492929528464,0.985316849931178
15,2.212216291070448,A,0.28705188210401367,0.045809243385554685,0.9935769919812012
15,2.212216291070448,B,0.26986713425970205,0.028516181419996765,0.993894630562379
15,2.212216291070448,C,0.6358927374433865,0.34665448121091436,0.9862092298304196
15,3.039195382313198,A,0.30179497770627445,0.04854100842294813,0.9932420667147823
15,3.039195382313198,B,0.26806508028509757,0.029784210435832785,0.9939433280025524
15,3.039195382313198,C,0.594677059046913,0.2958181602728651,0.987027918035278
15,4.175318936560401,A,0.3225655673355103,0.052507431230798124,0.9927695900066439
15,4.175318936560401,B,0.2674092857062452,0.03141371073870805,0.9939654978644408
15,4.175318936560401,C,0.5572840297887038,0.25075034112363304,0.9877732759055908
15,5.736152510448681,A,0.3509775416445199,0.058426225528665075,0.9921241588425099
15,5.736152510448681,B,0.2680794054660946,0.03322475345280426,0.9939566525922379
15,5.736152510448681,C,0.5237204411139902,0.21223509049374353,0.988443973017129
15,7.880462815669913,A,0.38881770288639533,0.0668997018561355,0.9912668162475737
15,7.880462815669913,B,0.27037591432074154,0.03513149962825561,0.9939094926026272
15,7.880462815669913,C,0.49405825932743924,0.18102841590463012,0.9890371471671602
15,10.82636733874054,A,0.4381022216745311,0.07821636748171494,0.9901537865451189
15,10.82636733874054,B,0.27478628207767647,0.037161559552592524,0.9938124901316675
15,10.82636733874054,C,0.4683886698068826,0.15722553557699362,0.9895493907452975
15,14.873521072935118,A,0.5012993396600516,0.09237083340715221,0.98873152309755
15,14.873521072935118,B,0.2820595504795428,0.039467843063478135,0.99364831830403
15,14.873521072935118,C,0.44676442228198415,0.13978363051034715,0.9899780634712837
15,20.433597178569418,A,0.581761855607106,0.10934441054465442,0.9869269902208282
15,20.433597178569418,B,0.29327024440653543,0.04231970840112799,0.9933925125264575
15,20.433597178569418,C,0.42916850441110216,0.1267338828318852,0.9903222022824041
15,28.072162039411758,A,0.6843073903619801,0.1295352713021602,0.9846344000950638
15,28.072162039411758,B,0.3098472343139076,0.046079309059070185,0.9930128699002354
15,28.072162039411758,C,0.4155233750509071,0.1160190157616262,0.9905826348940969
15,38.56620421163472,A,0.8157802577379891,0.154165583459186,0.9817020169801763
15,38.56620421163472,B,0.33354223709989883,0.05118444063286643,0.9924701228260581
15,38.56620421163472,C,0.40572482217729533,0.10624355604888347,0.9907614719493605
15,52.98316906283707,A,0.9854141964029102,0.1854437795106714,0.9779231446080756
15,52.98316906283707,B,0.3663254995612525,0.05813439730818377,0.9917201512296703
15,52.98316906283707,C,0.3996671916179887,0.09684232497129786,0.99086157946815
15,72.78953843983146,A,1.2048872191418376,0.22632144009507352,0.9730340395194675
15,72.78953843983146,B,0.4102364511211958,0.0674321449671332,0.9907171161355954
15,72.78953843983146,C,0.3972334067239703,0.08779083672795909,0.990886589525922
15,100.0,A,1.4880243424996593,0.28001837706957905,0.9667203089779312
15,100.0,B,0.46728597971303526,0.07945980881197832,0.9894153654900153
15,100.0,C,0.3982510217719893,0.07924796809195248,0.990841475481435
16,0.01,A,0.3311968331601872,0.055635459877134474,0.9924582379227369
16,0.01,B,0.6001543508710159,0.29588005479398266,0.9869392195260515
16,0.01,C,5.981452932790699,2.3347543835764926,0.8671415763821664
16,0.01373823795883263,A,0.31841196637610014,0.04784238160962954,0.9927456344831572
16,0.01373823795883263,B,0.5587930902369246,0.2571563373641854,0.9877616459854652
16,0.01373823795883263,C,5.292444395679947,2.207993850755652,0.8828931764971246
16,0.018873918221350976,A,0.3079248485177166,0.04154696690193719,0.9929864779860174
16,0.018873918221350976,B,0.5203146818415163,0.2218649785416864,0.9885328482475068
16,0.018873918221350976,C,4.686401454245386,2.1517073743075223,0.8969747309441795
16,0.02592943797404667,A,0.29931484394970814,0.03652818668758752,0.9931884753411582
16,0.02592943797404667,B,0.48439494238838954,0.18929526945463018,0.9892577939723358
16,0.02592943797404667,C,4.1530947429325895,2.1585430082175137,0.9095193161421667
16,0.035622478902624426,A,0.2922022210792309,0.032785564101265145,0.9933588327414743
16,0.035622478902624426,B,0.4510675944593271,0.1594555939894563,0.9899352031661077
16,0.035622478902624426,C,3.685425028357264,2.2073389005682977,0.9205956194863978
16,0.04893900918477494,A,0.2862743506733679,0.030390502016273826,0.9935036443308771
16,0.04893900918477494,B,0.4206363048368919,0.13288169866545463,0.9905590434259789
16,0.04893900918477494,C,3.2776874346936524,2.2667960361650263,0.9302557165563577
16,0.06723357536499334,A,0.2812983689102474,0.02934872449110233,0.9936275201331304
16,0.06723357536499334,B,0.39349415552760936,0.11021548375891124,0.9911216486546678
16,0.06723357536499334,C,2.9237684997780407,2.305999612237895,0.9385805087581554
16,0.09236708571873861,A,0.27712216813587487,0.029521736703656067,0.9937334694082678
16,0.09236708571873861,B,0.36993273621564293,0.09175236660566599,0.9916170673916744
16,0.09236708571873861,C,2.6161528954441464,2.301771606947897,0.9457036497987283
16,0.12689610031679222,A,0.2736679572987154,0.030647853676178092,0.9938229778756599
16,0.12689610031679222,B,0.35001419854092125,0.07719725043254644,0.9920433699919748
16,0.12689610031679222,C,2.3462976443831365,2.2414065965422965,0.9518030216371649
16,0.17433288221999882,A,0.27092122138737407,0.03242825637245215,0.9938962129629221
16,0.17433288221999882,B,0.3335399255552776,0.06577459955823432,0.9924033173284423
16,0.17433288221999882,C,2.1061048476692834,2.1231645871879046,0.9570668619548149
16,0.2395026619987486,A,0.2689165805689739,0.03459753129585212,0.9939522968147646
16,0.2395026619987486,B,0.3201054985257413,0.05659602573812398,0.9927035326779252
16,0.2395026619987486,C,1.8894863812951381,1.9554046000345202,0.9616564694217207
16,0.32903445623126676,A,0.2677247544580718,0.03694455469273233,0.9939895321584995
16,0.32903445623126676,B,0.30920365422104945,0.04900375675245813,0.9929527824101723
16,0.32903445623126676,C,1.693038882586435,1.7539482741802441,0.9656862806543813
16,0.4520353656360243,A,0.26744924242387497,0.03930401161222952,0.994005397225316
16,0.4520353656360243,B,0.300330739243714,0.042698510929688474,0.9931600929288583
16,0.4520353656360243,C,1.5155125322291945,1.5377813061730803,0.9692284068276024
16,0.6210169418915616,A,0.26824173790539313,0.04154791633039149,0.9939961424690844
16,0.6210169418915616,B,0.2930636423003362,0.03767542649744438,0.9933332827727626
16,0.6210169418915616,C,1.3565737370558906,1.3244257592107143,0.9723322976657588
16,0.8531678524172805,A,0.2703399306812081,0.04359100959838932,0.9939559414071368
16,0.8531678524172805,B,0.2870948835251983,0.034073094741664575,0.993478176359921
16,0.8531678524172805,C,1.2156837441399533,1.1266392873568931,0.9750436043193854
16,1.1721022975334805,A,0.27412365812059186,0.0454099338112472,0.9938756971236415
16,1.1721022975334805,B,0.2822330076706413,0.032001421662422806,0.9935984387784078
16,1.1721022975334805,C,1.0915998300119436,0.9511955046543732,0.9774123203607985
16,1.6102620275609392,A,0.28017916475978966,0.047072153608704044,0.99374171952553
16,1.6102620275609392,B,0.2783849907587438,0.03139972963129498,0.9936957814120337
16,1.6102620275609392,C,0.9824701028308114,0.7993870718327681,0.9794907441550504
16,2.212216291070448,A,0.2893579501113498,0.04877250137234975,0.9935345470278463
16,2.212216291070448,B,0.2755356398210175,0.03200177881537808,0.9937702794649047
16,2.212216291070448,C,0.8862149663151323,0.6685450487939079,0.9813272143454069
16,3.039195382313198,A,0.30281668046163157,0.05087436967572139,0.9932281786218156
16,3.039195382313198,B,0.27373222975577527,0.03342453816538568,0.9938206243415897
16,3.039195382313198,C,0.8009308105497258,0.5541038979399281,0.9829605129438701
16,4.175318936560401,A,0.32202750767015775,0.053939247734633794,0.9927899148467503
16,4.175318936560401,B,0.2730783965652117,0.03528773089198783,0.9938441911635796
16,4.175318936560401,C,0.7251921527033446,0.45184459999391474,0.9844167541927652
16,5.736152510448681,A,0.3487531937042217,0.05869595261553437,0.9921809088660034
16,5.736152510448681,B,0.27374208301488234,0.03728582338739852,0.993836797769483
16,5.736152510448681,C,0.6582087940653129,0.3597894764224264,0.9857088193892597
16,7.880462815669913,A,0.38499341605459236,0.06588463803219737,0.9913573066530901
16,7.880462815669913,B,0.2759850455426296,0.03922292212100114,0.9937920093377469
16,7.880462815669913,C,0.5998168764010473,0.27925580220309293,0.9868380980352714
16,10.82636733874054,A,0.43293865833997824,0.07600318373628392,0.9902712273157066
16,10.82636733874054,B,0.2802204509456061,0.041049135713638794,0.9936998834592472
16,10.82636733874054,C,0.5502986923848928,0.21480207787462433,0.9877984252468763
16,14.873521072935118,A,0.4950123834717351,0.08915008032287042,0.9888698223996617
16,14.873521072935118,B,0.2870960184690037,0.04290320480468707,0.9935452279531638
16,14.873521072935118,C,0.51005161687888,0.17220476400672802,0.9885821012806865
16,20.433597178569418,A,0.5740974498031811,0.10515141181923664,0.9870902087099932
16,20.433597178569418,B,0.297584285036272,0.045122165843637346,0.9933057442111322
16,20.433597178569418,C,0.47917372744240216,0.15264195793280178,0.9891872133069111
16,28.072162039411758,A,0.6739766882438876,0.12395274205485769,0.9848494414913447
16,28.072162039411758,B,0.31304736263989336,0.04817340862122779,0.9929507032640166
16,28.072162039411758,C,0.4571164507278069,0.14801886472808418,0.9896238009471974
16,38.56620421163472,A,0.7998897097855406,0.14609391057448928,0.982031555760804
16,38.56620421163472,B,0.3352419961983976,0.05253431394398984,0.9924408376860214
16,38.56620421163472,C,0.44261279324003616,0.14738366790794752,0.9899150264102083
16,52.98316906283707,A,0.9590215960655242,0.17302126657781994,0.9784757745439542
16,52.98316906283707,B,0.36624823166071885,0.058628437685500405,0.9917297881280994
16,52.98316906283707,C,0.4339936838869868,0.1446350361989459,0.990091141147953
16,72.78953843983146,A,1.16077068046707,0.2070086349948051,0.9739695080036663
16,72.78953843983146,B,0.4083395264659509,0.06686693690297342,0.9907667336851178
16,72.78953843983146,C,0.4297438882657468,0.13839521552387732,0.9901790086483567
16,100.0,A,1.4167540270410408,0.25070781401209485,0.9682475593828739
16,100.0,B,0.4638560737020412,0.07767472630482083,0.9894988856811319
16,100.0,C,0.42894443055140963,0.12932479031046445,0.990193935449399
17,0.01,A,0.35889930168887074,0.0777862257725087,0.9918507748294406
17,0.01,B,0.7115771912607803,0.42189394358520554,0.9846403932919763
17,0.01,C,11.774796128292035,13.042741969999025,0.7465742819429626
17,0.01373823795883263,A,0.34133352005069256,0.06590018490315035,0.992233543554476
17,0.01373823795883263,B,0.6574512870097371,0.3646319660809834,0.9857205225265435
17,0.01373823795883263,C,10.624117546952652,11.842874773727539,0.7722054409254712
17,0.018873918221350976,A,0.32654259958637394,0.05614854367840689,0.9925611354344225
17,0.018873918221350976,B,0.6080348617784421,0.3139802002663707,0.986712786491205
17,0.018873918221350976,C,9.583030529064441,10.644475460784678,0.7953163266667012
17,0.02592943797404667,A,0.3141602797884809,0.04804113118748807,0.9928400513355273
17,0.02592943797404667,B,0.5628081263566675,0.2689298523313832,0.9876263758611122
17,0.02592943797404667,C,8.610641401954783,9.457901595746447,0.8168316118082695
17,0.035622478902624426,A,0.30383229792578925,0.0413330360718385,0.9930767800452882
17,0.035622478902624426,B,0.5213872853807835,0.228808660707126,0.9884678951149224
17,0.035622478902624426,C,7.696343702177925,8.321225907741496,0.8369990433313497
17,0.04893900918477494,A,0.2952408324270309,0.03596130677569574,0.9932773265594534
17,0.04893900918477494,B,0.483578348723515,0.19331537648388963,0.9892406123514753
17,0.04893900918477494,C,6.843656569886491,7.279797846393111,0.8557423493681917
17,0.06723357536499334,A,0.28812190803889215,0.03197107235040585,0.9934467985807789
17,0.06723357536499334,B,0.44936222727279446,0.162421332829902,0.9899447797871475
17,0.06723357536499334,C,6.058629735647047,6.367953707669955,0.8729228682786992
17,0.09236708571873861,A,0.28227558814282644,0.029438910536697113,0.9935891023132406
17,0.09236708571873861,B,0.41881498062372613,0.13614282980094283,0.9905789664618819
17,0.09236708571873861,C,5.344192701159379,5.5986917823681175,0.8884718658529606
17,0.12689610031679222,A,0.2775697252120119,0.028386615705062585,0.9937067802617298
17,0.12689610031679222,B,0.3920000941524444,0.11429851657298136,0.9911418348771421
17,0.12689610031679222,C,4.699393100616975,4.9628208937808,0.9024123028734582
17,0.17433288221999882,A,0.2739374909340918,0.028711337744154568,0.9938010108762739
17,0.17433288221999882,B,0.3688781456756276,0.09639678185715744,0.9916336695716957
17,0.17433288221999882,C,4.121147675970754,4.4354599971032975,0.9148211482846905
17,0.2395026619987486,A,0.2713684509558731,0.030183803879910633,0.9938717671812283
17,0.2395026619987486,B,0.34926473399625596,0.08171863483087147,0.9920571824163078
17,0.2395026619987486,C,3.6062704874439087,3.986132501011876,0.9257829166122212
17,0.32903445623126676,A,0.269895170222204,0.03251045254010441,0.9939180637223043
17,0.32903445623126676,B,0.33284332033109737,0.06952436597220066,0.992417461522441
17,0.32903445623126676,C,3.1524868266428507,3.5883596696161146,0.9353648815036957
17,0.4520353656360243,A,0.2695824975540684,0.0353944348959484,0.9939381175201374
17,0.4520353656360243,B,0.3192182488963482,0.05924086863780449,0.9927212280633236
17,0.4520353656360243,C,2.7581360522534846,3.2252508624972434,0.9436214004751207
17,0.6210169418915616,A,0.27053076623550243,0.03855996754172968,0.9939291904168053
17,0.6210169418915616,B,0.30798185217528445,0.0505404833712037,0.9929757480199953
17,0.6210169418915616,C,2.4211172689106335,2.889910402131329,0.9506153414173826
17,0.8531678524172805,A,0.27290246741103025,0.041758047271831356,0.9938869426895671
17,0.8531678524172805,B,0.2987713545245569,0.04331860926813173,0.9931877706413769
17,0.8531678524172805,C,2.137864320667725,2.5819916202467166,0.956439067638145
17,1.1721022975334805,A,0.2769746080568767,0.04478260662078231,0.9938042879869877
17,1.1721022975334805,B,0.291303494116522,0.037618749237457595,0.9933627373711493
17,1.1721022975334805,C,1.9028968057970048,2.3030451132186944,0.9612229334111057
17,1.6102620275609392,A,0.2832103215381647,0.04751096345747596,0.9936699058976913
17,1.6102620275609392,B,0.2853880747212646,0.033538543232378745,0.9935043295684143
17,1.6102620275609392,C,1.7090409807459952,2.052909243703004,0.9651295282624892
17,2.212216291070448,A,0.2923360879136426,0.04996528542083812,0.9934666976203264
17,2.212216291070448,B,0.2809277262651907,0.031129159225255526,0.9936143136193383
17,2.212216291070448,C,1.5481121878696222,1.8282205582513709,0.9683387077366641
17,3.039195382313198,A,0.3054045189849153,0.05237893653506003,0.9931705859052377
17,3.039195382313198,B,0.27791037438543337,0.030310495530010573,0.9936925976738514
17,3.039195382313198,C,1.411769856570528,1.622946578453352,0.9710299043632629
17,4.175318936560401,A,0.323818282339092,0.05524337147150636,0.9927501406374686
17,4.175318936560401,B,0.2763997406045639,0.030848446624846034,0.993737363787283
17,4.175318936560401,C,1.292372842258943,1.4302328767166435,0.9733652733623106
17,5.736152510448681,A,0.349294995763793,0.05930120121555007,0.992167423558117
17,5.736152510448681,B,0.2765314172300004,0.032410422921749726,0.9937450675719444
17,5.736152510448681,C,1.183769459567979,1.2446995596279087,0.9754746607454077
17,7.880462815669913,A,0.38377476325728965,0.06543357781051624,0.9913800058440041
17,7.880462815669913,B,0.27852521438488675,0.0346516578579964,0.9937100679975203
17,7.880462815669913,C,1.0819227800801396,1.0643354360072736,0.9774439625988929
17,10.82636733874054,A,0.4293155555968613,0.07441627004595859,0.9903432095742719
17,10.82636733874054,B,0.28272364798937444,0.03728837518310832,0.9936237200651723
17,10.82636733874054,C,0.9851810446419934,0.8912502414466685,0.9793103540149708
17,14.873521072935118,A,0.48807495799640643,0.08665828422956101,0.9890104583457762
17,14.873521072935118,B,0.2896592482804098,0.04015906076473522,0.9934729292223153
17,14.873521072935118,C,0.8940304755009738,0.7309028275853814,0.9810674917270751
17,20.433597178569418,A,0.5625015982287314,0.10215072118522718,0.9873289908598316
17,20.433597178569418,B,0.30014135462920344,0.0432805955427738,0.9932383866096088
17,20.433597178569418,C,0.8103491986477585,0.5900030271448918,0.9826803660547456
17,28.072162039411758,A,0.655806378924097,0.12073584337385242,0.9852292322617252
17,28.072162039411758,B,0.31533975932947594,0.04687877675261634,0.992892937011588
17,28.072162039411758,C,0.7363863274455708,0.47377461557948425,0.9841054852797895
17,38.56620421163472,A,0.7726488041798335,0.1425960862805495,0.9826090486955797
17,38.56620421163472,B,0.33683178677917314,0.05136218973501107,0.9924007295778932
17,38.56620421163472,C,0.673805196717355,0.3835576416137501,0.9853097863333856
17,52.98316906283707,A,0.9198405442289543,0.16874292347901068,0.9793171885399635
17,52.98316906283707,B,0.36657717480634916,0.05724503477480142,0.9917178450559853
17,52.98316906283707,C,0.6231197427105447,0.3159925556350544,0.986281867531235
17,72.78953843983146,A,1.1068396565603171,0.20122332023756473,0.9751411243732377
17,72.78953843983146,B,0.4068023347177454,0.06507454254724485,0.9907947413772693
17,72.78953843983146,C,0.583701189114884,0.26468259379146497,0.9870321602208951
17,100.0,A,1.345880373049877,0.24285846492236005,0.9698032285176865
17,100.0,B,0.45982312859881685,0.07539400005294244,0.9895798602398725
17,100.0,C,0.5542514273552982,0.22334254731521802,0.9875841189936454
18,0.01,A,0.37523488085459605,0.09121431047955893,0.9915089044243224
18,0.01,B,0.8436699185641757,0.6101877590824334,0.9823024811813832
18,0.01,C,26.46937527545175,23.164223357480118,0.4593604570896691
18,0.01373823795883263,A,0.35312271713574817,0.07370720191352285,0.9919793255438559
18,0.01373823795883263,B,0.769449602755224,0.5245111628339348,0.9837157648496371
18,0.01373823795883263,C,22.980492583145054,18.93724877532284,0.5301501416849054
18,0.018873918221350976,A,0.33507910498448323,0.061134346544218864,0.992371285576746
18,0.018873918221350976,B,0.7026686133330793,0.44932780790005616,0.9849975344971018
18,0.018873918221350976,C,20.091577902439276,15.341378530276003,0.5879463744394294
18,0.02592943797404667,A,0.3205579071227256,0.051900377274032954,0.992694029770117
18,0.02592943797404667,B,0.6425970763449611,0.38333276866636745,0.9861609850474077
18,0.02592943797404667,C,17.644215149801955,12.340054507824942,0.6362657233931672
18,0.035622478902624426,A,0.3089702682347294,0.044802608398954724,0.9929578971922274
18,0.035622478902624426,B,0.5883040844854717,0.32473511107606917,0.9872222271071335
18,0.035622478902624426,C,15.543600088004974,9.898874006603771,0.6773903994056313
18,0.04893900918477494,A,0.29975433533073303,0.03922088016706164,0.9931731018096217
18,0.04893900918477494,B,0.539011219980749,0.27204392610420275,0.9881944579424993
18,0.04893900918477494,C,13.722341535595856,7.988281871513699,0.7130271655830699
18,0.06723357536499334,A,0.29242824560412994,0.035009041078061874,0.9933486942971559
18,0.06723357536499334,B,0.49431146584770785,0.22456665024734468,0.9890842122544722
18,0.06723357536499334,C,12.125397711838124,6.573038031977241,0.7445530769149353
18,0.09236708571873861,A,0.2866197555331351,0.032273757138727176,0.9934918592082964
18,0.09236708571873861,B,0.45418602643789524,0.18246816643087496,0.9898910126394055
18,0.09236708571873861,C,10.70661981226247,5.5978016123388485,0.7730503295887428
18,0.12689610031679222,A,0.2820734275258719,0.031149717952471023,0.9936076077271492
18,0.12689610031679222,B,0.41884789373566145,0.14642022211869654,0.9906100508312361
18,0.12689610031679222,C,9.429533800732992,4.980533828926045,0.7992830734407559
18,0.17433288221999882,A,0.2786422609524837,0.03162373515719287,0.9936988051073964
18,0.17433288221999882,B,0.38850938130344986,0.11702504139759734,0.9912362919782588
18,0.17433288221999882,C,8.26855036871984,4.6200273482009395,0.8236902063702628
18,0.2395026619987486,A,0.2762711147269622,0.03347879360993089,0.9937664176879555
18,0.2395026619987486,B,0.3631830862108565,0.09427547990626563,0.9917681230140692
18,0.2395026619987486,C,7.209569185648863,4.413911670817268,0.8464069961653612
18,0.32903445623126676,A,0.27497628325757006,0.036364629128849614,0.9938098726828766
18,0.32903445623126676,B,0.34258947688540503,0.07732711700607936,0.9922092303152971
18,0.32903445623126676,C,6.248886047718939,4.276042231749487,0.8673269915498671
18,0.4520353656360243,A,0.2748250947725464,0.039893245517925426,0.9938274106555495
18,0.4520353656360243,B,0.3261878802380152,0.06475325841254811,0.9925683096797264
18,0.4520353656360243,C,5.389736626395332,4.145707818991536,0.8862088339456209
18,0.6210169418915616,A,0.2759235346334714,0.043686364633700056,0.9938162446011332
18,0.6210169418915616,B,0.3132965128558177,0.055124884099893724,0.992857087854957
18,0.6210169418915616,C,4.636895694041724,3.9877732567444535,0.9028130853737778
18,0.8531678524172805,A,0.27842399323616135,0.04739126101378427,0.9937722945727316
18,0.8531678524172805,B,0.3032382835243991,0.0474795408384539,0.9930877040193045
18,0.8531678524172805,C,3.991366061909499,3.786963295472779,0.9170245304572899
18,1.1721022975334805,A,0.2825633859681529,0.05070569444013814,0.9936893280533399
18,1.1721022975334805,B,0.2954527246728017,0.04142809925654643,0.9932705354111716
18,1.1721022975334805,C,3.447332272368836,3.540463951261304,0.9289158818895613
18,1.6102620275609392,A,0.28873319662027425,0.05343087445714055,0.9935575053710576
18,1.6102620275609392,B,0.28954602136906804,0.03699726190553608,0.9934130569483761
18,1.6102620275609392,C,2.9923335266755005,3.2522454475774336,0.9387366232237737
18,2.212216291070448,A,0.29757106648366694,0.05554673429631001,0.9933615454746091
18,2.212216291070448,B,0.2852877772030643,0.03437397637056249,0.9935196742965884
18,2.212216291070448,C,2.609901759374906,2.9301737626334945,0.9468470150439454
18,3.039195382313198,A,0.31005253483575224,0.05728664629200456,0.9930789287763341
18,3.039195382313198,B,0.28258185397511115,0.03363639257920837,0.9935920921327526
18,3.039195382313198,C,2.2830787744960634,2.5848670551108417,0.9536337096865044
18,4.175318936560401,A,0.32755477174564807,0.05918046063199073,0.9926786830080904
18,4.175318936560401,B,0.2814360046236518,0.03457775901503811,0.9936297658189008
18,4.175318936560401,C,1.997428826415359,2.228756158536637,0.959437653039851
18,5.736152510448681,A,0.35186458399287723,0.06203742012604218,0.9921212954591707
18,5.736152510448681,B,0.28194412501885074,0.036737453700370154,0.9936301344518108
18,5.736152510448681,C,1.742838421286035,1.874782943879811,0.964509837037224
18,7.880462815669913,A,0.38511366090976,0.06684252927605709,0.9913601023963295
18,7.880462815669913,B,0.284287886070108,0.03957256896717399,0.9935884576910491
18,7.880462815669913,C,1.5139712278724469,1.535185290599366,0.9689979247697339
18,10.82636733874054,A,0.42965064134434394,0.07453787293555775,0.9903439928291526
18,10.82636733874054,B,0.2887634731886397,0.04261185516353759,0.993497136926408
18,10.82636733874054,C,1.3095756511419547,1.220881745832241,0.9729592968154677
18,14.873521072935118,A,0.48790903880751857,0.08572647236970024,0.9890202188958623
18,14.873521072935118,B,0.2958390066797845,0.045554778903104304,0.9933444491164535
18,14.873521072935118,C,1.1310128476875696,0.94137489324389,0.9763917548102468
18,20.433597178569418,A,0.5623906400074643,0.10049130219832661,0.9873347076374108
18,20.433597178569418,B,0.3062416667185433,0.04835358858265848,0.9931127600627805
18,20.433597178569418,C,0.9804576479142384,0.7047001394314018,0.9792710186259814
18,28.072162039411758,A,0.6559019897718448,0.11854070727672963,0.98522671241672
18,28.072162039411758,B,0.32105728328383165,0.05127292365938924,0.9927765786190177
18,28.072162039411758,C,0.8592471383689458,0.5171640197877737,0.9815842612616261
18,38.56620421163472,A,0.7720949480965416,0.13967715678222073,0.9826164390158191
18,38.56620421163472,B,0.34180583097597056,0.054861012325846545,0.9923011602883092
18,38.56620421163472,C,0.766793046553847,0.38282838592853224,0.9833513105205555
18,52.98316906283707,A,0.9161940498532823,0.16437119627870608,0.9793880716953277
18,52.98316906283707,B,0.3704493456718918,0.05979000161870408,0.9916424816407237
18,52.98316906283707,C,0.7002894276415594,0.30162025882012833,0.9846298256562882
18,72.78953843983146,A,1.095668907807196,0.1941154348321946,0.9753736346061377
18,72.78953843983146,B,0.40930810693341363,0.06666238764275306,0.9907490101757013
18,72.78953843983146,C,0.6551676975143602,0.26466286050303345,0.9855065136321258
18,100.0,A,1.3206249414721802,0.23127223344393474,0.9703431155330424
18,100.0,B,0.4609064526848237,0.07595704850117657,0.9895647754729847
18,100.0,C,0.6260177048451324,0.25363964144876805,0.9860805496473939
19,0.01,A,0.4108153768294714,0.12430201260843561,0.9907519040782047
19,0.01,B,1.0048634559375733,0.8681914551280954,0.9790201239484491
19,0.01,C,61.83095337223913,55.556855538199635,-0.300274624386249
19,0.01373823795883263,A,0.3835345533828417,0.10078436981401764,0.991322987057161
19,0.01373823795883263,B,0.9073252110689106,0.7327007649656357,0.9809101968788777
19,0.01373823795883263,C,46.314198090584135,40.16413839441999,0.021626255312651964
19,0.018873918221350976,A,0.3606015028707136,0.08306965619716769,0.9918108290466199
19,0.018873918221350976,B,0.8205830065512629,0.6173720800029427,0.982595657451563
19,0.018873918221350976,C,35.68751891814458,33.86237502760219,0.2441934147500354
19,0.02592943797404667,A,0.3415454515414696,0.0696020610907378,0.9922233988523237
19,0.02592943797404667,B,0.743732035057177,0.5191104405110568,0.9840955358783434
19,0.02592943797404667,C,28.652168794142653,30.986431185827318,0.3933894770178815
19,0.035622478902624426,A,0.3258657876664469,0.05904645740060541,0.9925692827216303
19,0.035622478902624426,B,0.6757232491379932,0.43513008343121534,0.9854303365571635
19,0.035622478902624426,C,24.049124643420743,28.50699499615353,0.49231630097066015
19,0.04893900918477494,A,0.3130667455946457,0.05049321658540957,0.9928572135962167
19,0.04893900918477494,B,0.6154279445552617,0.36295964373948375,0.9866213710889007
19,0.04893900918477494,C,20.952405617603873,25.782345397738826,0.5595487782744578
19,0.06723357536499334,A,0.3026955452136978,0.043473007482828716,0.9930954411520807
19,0.06723357536499334,B,0.5618235911969667,0.30066005749155045,0.9876876999594462
19,0.06723357536499334,C,18.707408828837735,22.97534967465243,0.608412142699836
19,0.09236708571873861,A,0.2943726265260471,0.037855190961165956,0.9932911123112097
19,0.09236708571873861,B,0.5141540906043645,0.24699365775561127,0.9886433690070598
19,0.09236708571873861,C,16.90833834300981,20.29552940711525,0.6473595814288453
19,0.12689610031679222,A,0.28780920543165656,0.033730266409147315,0.9934497910867115
19,0.12689610031679222,B,0.47197353691269833,0.2013620515138501,0.9894966070013611
19,0.12689610031679222,C,15.339985236444424,17.840227984016884,0.6810309539983418
19,0.17433288221999882,A,0.282812847500996,0.03130085632864085,0.9935751880905241
19,0.17433288221999882,B,0.43506395975834344,0.1634913688576293,0.9902512099924792
19,0.17433288221999882,C,13.909843560175267,15.641768073939945,0.7115395837270384
19,0.2395026619987486,A,0.27928338811181747,0.030743834923214444,0.9936691226186258
19,0.2395026619987486,B,0.40328262297645007,0.13300484101559054,0.990909210157225
19,0.2395026619987486,C,12.589844860929833,13.726548270077451,0.739617670002514
19,0.32903445623126676,A,0.2772006541376573,0.03205117283689345,0.9937317025213126
19,0.32903445623126676,B,0.37641814065923507,0.10910963779351329,0.9914735069281393
19,0.32903445623126676,C,11.375839557182164,12.129912076045466,0.7654380205244824
19,0.4520353656360243,A,0.2766059388892156,0.03496170914926677,0.9937616469389046
19,0.4520353656360243,B,0.3541156482352884,0.09058232208403307,0.9919494181669432
19,0.4520353656360243,C,10.26550308454797,10.877717362649081,0.7890769432558808
19,0.6210169418915616,A,0.2775836056826055,0.039033594752271285,0.9937565778961892
19,0.6210169418915616,B,0.3358880485490389,0.07604900360493669,0.9923447809827461
19,0.6210169418915616,C,9.250669866399907,9.959451213972077,0.8106877794735539
19,0.8531678524172805,A,0.28025519703462487,0.04375096583086172,0.9937130189502611
19,0.8531678524172805,B,0.3211881533853804,0.06434356968469257,0.9926689136386756
19,0.8531678524172805,C,8.318669178414698,9.314301792959501,0.8304931877725668
19,1.1721022975334805,A,0.28480030748948293,0.048588596041829794,0.9936258463456195
19,1.1721022975334805,B,0.3094958351528305,0.05471112946465775,0.9929311336660744
19,1.1721022975334805,C,7.456934354163915,8.841991483346513,0.8487107815445695
19,1.6102620275609392,A,0.2915131976185909,0.05306392300796349,0.9934870640940053
19,1.6102620275609392,B,0.3003823704893044,0.04680599122072433,0.9931394743918233
19,1.6102620275609392,C,6.656338802107991,8.43167626446023,0.8655004549381348
19,2.212216291070448,A,0.3008933979624396,0.05682263772783815,0.9932839734242818
19,2.212216291070448,B,0.29353975514682995,0.04057982575926986,0.9932998898797187
19,2.212216291070448,C,5.911624485147958,7.990094174548034,0.8809630382497297
19,3.039195382313198,A,0.31375456502507515,0.05976299992204252,0.9929970544761298
19,3.039195382313198,B,0.2887842521295438,0.03615182217154486,0.9934159069160561
19,3.039195382313198,C,5.219990960335254,7.457031421470971,0.8951685273998263
19,4.175318936560401,A,0.3313197986101142,0.06215889217373196,0.9925981767537021
19,4.175318936560401,B,0.28604870076050687,0.03367530704965813,0.9934885569155009
19,4.175318936560401,C,4.579910328799308,6.809135478644692,0.9081751193097846
19,5.736152510448681,A,0.35525934682960064,0.06471877307428775,0.9920499999614341
19,5.736152510448681,B,0.28537359026284814,0.03318197475693061,0.9935164095355467
19,5.736152510448681,C,3.9911109686361628,6.056946639277505,0.9200236803859486
19,7.880462815669913,A,0.3876317133914899,0.06852393017959117,0.9913073404782393
19,7.880462815669913,B,0.28690456481500154,0.03446077650507982,0.9934954936796169
19,7.880462815669913,C,3.4551454485744655,5.237708040245168,0.930721413282798
19,10.82636733874054,A,0.43072590228980046,0.07480745947788085,0.990320551550662
19,10.82636733874054,B,0.2909058914038914,0.037082881086675436,0.9934188625367325
19,10.82636733874054,C,2.97540716094718,4.404781695947102,0.9402375135792953
19,14.873521072935118,A,0.48687205280182627,0.08459032116035463,0.9890395248533597
19,14.873521072935118,B,0.2977989379026093,0.040555134926525876,0.9932756463143347
19,14.873521072935118,C,2.5559001281168965,3.6148709081590384,0.9485238098969214
19,20.433597178569418,A,0.558363550087098,0.09834785420032789,0.9874152576704966
19,20.433597178569418,B,0.3082276428698189,0.044481898915427504,0.9930496379826692
19,20.433597178569418,C,2.198974140252635,2.9153239542587235,0.9555559245221786
19,28.072162039411758,A,0.6476579811377011,0.11598122726377887,0.9853952669805303
19,28.072162039411758,B,0.3231413028765337,0.04868238239549025,0.9927176777709699
19,28.072162039411758,C,1.9030710095263224,2.3342925536439356,0.9613755049845263
19,38.56620421163472,A,0.7579405895097234,0.13718831630626224,0.982910800201612
19,38.56620421163472,B,0.3438727681609484,0.053264034215491696,0.9922482808127976
19,38.56620421163472,C,1.6618325243088372,1.8763031518267297,0.9661087335277146
19,52.98316906283707,A,0.893957019656534,0.16206816029561072,0.9798576555013179
19,52.98316906283707,B,0.3721803038990423,0.058628738663955966,0.9916010818281155
19,52.98316906283707,C,1.4653324805101853,1.5250685649443243,0.9699465110444058
19,72.78953843983146,A,1.062864537927348,0.19166107695543622,0.9760761158745025
19,72.78953843983146,B,0.41021919928063777,0.06538436889474367,0.9907276742501638
19,72.78953843983146,C,1.3029383748921688,1.2532851269133738,0.9730939676039855
19,100.0,A,1.2748214446508068,0.22808189781353203,0.9713365304939439
19,100.0,B,0.46042637802560177,0.0742060096939656,0.9895740635750284
19,100.0,C,1.1662490838623185,1.0348440926531846,0.9757165586624301
20,0.01,A,0.4403973575339556,0.16521519215270922,0.9901704025322171
20,0.01,B,1.2152373204439575,1.1400175585173347,0.9753255272914995
20,0.01,C,368.7838970700388,710.3374110328979,-6.088450670843172
20,0.01373823795883263,A,0.4050255190765443,0.12619884356954025,0.9908934797082225
20,0.01373823795883263,B,1.0940127745018304,0.9880810605636743,0.9776070214105396
20,0.01373823795883263,C,278.8188379736583,513.2908725773509,-4.340298002604599
20,0.018873918221350976,A,0.375708147005014,0.09714886813734588,0.9915031059243674
20,0.018873918221350976,B,0.9830572567150868,0.8486971642744683,0.9796948412581525
20,0.018873918221350976,C,208.24385207191455,359.22490550477625,-2.9752915571748013
20,0.02592943797404667,A,0.3519164457953728,0.07665767213258913,0.9920076136070882
20,0.02592943797404667,B,0.8829851292390332,0.7237087373343961,0.9815844340300011
20,0.02592943797404667,C,154.79281832039788,246.54598776641652,-1.946476153146812
20,0.035622478902624426,A,0.33296986964046504,0.0626003472440478,0.9924182925471055
20,0.035622478902624426,B,0.7936377884116628,0.6132402991866209,0.9832817278301695
20,0.035622478902624426,C,115.50576188679213,169.35992736748423,-1.19461834596858
20,0.04893900918477494,A,0.3181108769263997,0.052746713255733775,0.9927481862354073
20,0.04893900918477494,B,0.7141706331073306,0.515956103984153,0.9848029647035554
20,0.04893900918477494,C,87.15529220325337,118.89359401921368,-0.6559957846684729
20,0.06723357536499334,A,0.30659638962484537,0.045438660358105606,0.9930105327949507
20,0.06723357536499334,B,0.643427643212963,0.4298614678867025,0.9861689698657277
20,0.06723357536499334,C,66.79308062192527,85.99278943316342,-0.272595428764303
20,0.09236708571873861,A,0.29777657923750717,0.03984214358702879,0.9932173031167929
20,0.09236708571873861,B,0.5803703230527841,0.353223151424788,0.9873979764243327
20,0.09236708571873861,C,52.06227079787344,63.47069683377121,0.002002969512644692
20,0.12689610031679222,A,0.29114198590176116,0.03579795002607083,0.9933781803268987
20,0.12689610031679222,B,0.5243532068976501,0.28519245603655213,0.9885008363170252
20,0.12689610031679222,C,41.27273258541681,47.059288621168164,0.201194083185319
20,0.17433288221999882,A,0.28633616099605264,0.03353793183098339,0.9935001068186231
20,0.17433288221999882,B,0.4751522573067888,0.22589811262991447,0.9894804661123052
20,0.17433288221999882,C,33.27859498676092,34.71358136017446,0.347670091535336
20,0.2395026619987486,A,0.28314386930722757,0.03336878424921142,0.9935873063989575
20,0.2395026619987486,B,0.4327841531983795,0.17603473560762,0.9903350287843644
20,0.2395026619987486,C,27.299850626812834,25.479684826014832,0.4568369190577197
20,0.32903445623126676,A,0.2814676310842104,0.035360418287834455,0.9936415950131225
20,0.32903445623126676,B,0.39723946748290756,0.13617174105520746,0.991062796171447
20,0.32903445623126676,C,22.779451080835823,18.75746075884312,0.5395893924089072
20,0.4520353656360243,A,0.2813007139266227,0.03921131641806458,0.9936628155123273
20,0.4520353656360243,B,0.36826539063722474,0.10608867314770164,0.9916663156393245
20,0.4520353656360243,C,19.30268255785014,14.022410681872689,0.6039182039393469
20,0.6210169418915616,A,0.28270113956958515,0.04435959636290417,0.9936492583582017
20,0.6210169418915616,B,0.34528734506957864,0.08446110260005636,0.992154198348152
20,0.6210169418915616,C,16.55974629007844,10.79363631729735,0.6556826749790038
20,0.8531678524172805,A,0.2857739996423739,0.050146548139599484,0.9935978881664921
20,0.8531678524172805,B,0.32748367474493717,0.0691544944052362,0.9925400973910072
20,0.8531678524172805,C,14.326638907828306,8.669835305804595,0.6990104963604832
20,1.1721022975334805,A,0.29067543407750096,0.055904407383705196,0.9935041241023133
20,1.1721022975334805,B,0.31395591834385966,0.05800652747894546,0.9928397540383278
20,1.1721022975334805,C,12.449600747307048,7.344467895713735,0.7366113926488312
20,1.6102620275609392,A,0.29765359136049746,0.061013439647965906,0.993360919314268
20,1.6102620275609392,B,0.3039022710976296,0.04951487846800671,0.9930677441755261
20,1.6102620275609392,C,10.829848182313935,6.583996995775589,0.7700851175573156
20,2.212216291070448,A,0.30713443050002986,0.06499600269685155,0.9931570264731068
20,2.212216291070448,B,0.29672211293833445,0.04302144498703958,0.9932353148522081
20,2.212216291070448,C,9.408371412347245,6.193619529098253,0.8002395602112296
20,3.039195382313198,A,0.3198431711185932,0.0676611417726431,0.9928746380253104
20,3.039195382313198,B,0.29203544206498344,0.03851467729587956,0.9933497291982432
20,3.039195382313198,C,8.150678237158637,5.997484370719745,0.8274212595757351
20,4.175318936560401,A,0.33693048540765225,0.06925658779484878,0.9924869867061179
20,4.175318936560401,B,0.28964827882845534,0.036274891012653056,0.9934146419625733
20,4.175318936560401,C,7.032856371908926,5.837644329579504,0.8518216783659289
20,5.736152510448681,A,0.3600555008037723,0.07055041952126344,0.9919568221730737
20,5.736152510448681,B,0.2895070678610706,0.03644286594150717,0.9934307364800823
20,5.736152510448681,C,6.03249482385993,5.583952766854455,0.8736784294485748
20,7.880462815669913,A,0.39137645633788887,0.07276988273721649,0.9912367268637663
20,7.880462815669913,B,0.2916711772419713,0.03870583738967378,0.9933960459855946
20,7.880462815669913,C,5.127450318415121,5.150715586229005,0.8933059496364232
20,10.82636733874054,A,0.43342303924032455,0.07736329550057609,0.9902718157213746
20,10.82636733874054,B,0.2963155259358058,0.04236550998417981,0.9933056839523621
20,10.82636733874054,C,4.301469607203872,4.5149764943892885,0.910976210289982
20,14.873521072935118,A,0.4888761242032106,0.08560651899179572,0.9890043497993372
20,14.873521072935118,B,0.3037661588680142,0.046650350818833806,0.9931509266499061
20,14.873521072935118,C,3.5509018774122283,3.72412226935425,0.9267697575437748
20,20.433597178569418,A,0.5603566067824406,0.09819106130594582,0.9873781722714032
20,20.433597178569418,B,0.314567366775214,0.050969187905598144,0.9929177335869616
20,20.433597178569418,C,2.885634869235639,2.88056414911671,0.9405392005706907
20,28.072162039411758,A,0.6503955478470234,0.11506717254719726,0.9853392098280317
20,28.072162039411758,B,0.3295725733850591,0.05505422931481803,0.992584932692672
20,28.072162039411758,C,2.3218270887221637,2.103626286660406,0.952036164752327
20,38.56620421163472,A,0.7617549827159746,0.1357308466526802,0.982828127004017
20,38.56620421163472,B,0.35003879585868203,0.05904159062912499,0.9921224996243829
20,38.56620421163472,C,1.8707200599962839,1.4843683842113848,0.961117486441761
20,52.98316906283707,A,0.8981357265391156,0.15986125509550583,0.9797640385985174
20,52.98316906283707,B,0.3776900871845765,0.06346734610457386,0.9914905774613502
20,52.98316906283707,C,1.530940039696185,1.0546948429759448,0.9678847396879391
20,72.78953843983146,A,1.0650964399614469,0.18800415062681053,0.9760230165528501
20,72.78953843983146,B,0.4147112980947874,0.06912370812243476,0.9906399029529342
20,72.78953843983146,C,1.2885727823688742,0.7866433359434334,0.9726738857597159
20,100.0,A,1.2708678642461213,0.22189598945512112,0.9714185961532928
20,100.0,B,0.4636531832036218,0.07681842921663981,0.9895138772834816
20,100.0,C,1.1232347789219328,0.6250095707593502,0.9759310549717878
